<Windows>

	<ColorSetDefinition Name="Gray" NormalColor="99,99,99,255" FocusColor="0,200,0,255" />
	<ColorSetDefinition Name="White"			NormalColor="255,255,255,255"	FocusColor="0xffffffff" />
	<ColorSetDefinition Name="Green"			NormalColor="57,74,80,255"		FocusColor="0,200,0,255" />
	<ColorSetDefinition Name="ColorHeader"		NormalColor="236,236,236,255"	FocusColor="236,236,236,255" />
	<ColorSetDefinition Name="ColorHeaderShadow" NormalColor="36,36,36,255"	FocusColor="36,36,36,255" />
	<ColorSetDefinition Name="ColorSubHeader"	NormalColor="190,212,212,255"	FocusColor="190,212,212,255" />

	<ColorSetDefinition Name="CheckEnabled"	NormalColor="255,255,255,255"	FocusColor="255,255,255,255" DisableColor="255,255,255,255"/>
	<ColorSetDefinition Name="CheckDisabled" NormalColor="100,100,100,255"	FocusColor="100,100,100,255" DisableColor="100,100,100,255"/>


	<Platform XBOX="True" XENON="True" PC="True" >
		<Template Name="TemplateWindow"	X="0"	Y="0"	W="640" H="480" LineSpace="3" Navigation="Vertical" AlignV="Center" AlignH="Center" AlignMode="Border"/>
	</Platform>	
	
	<Platform PS2="True">
		<Template Name="TemplateWindow"	X="0"	Y="0"	W="640" H="448" LineSpace="3" Navigation="Vertical" AlignV="Center" AlignH="Center" AlignMode="Border"/>
	</Platform>	
	
	<Template Name="_THeader" Type="TextBlock" Font="Header" X="110" Y="58" ColorSet="ColorHeader" />
	<Template Name="_THeaderShadow" SType="TextBlock" Font="Header" X="112" Y="60" ColorSet="ColorHeaderShadow" />
	<Template Name="_TSubHeader" Type="TextBlock" Font="Menu" X="160" Y="77" ColorSet="ColorSubHeader" />
	<Template Name="_TBarT" X="0" Y="61"  Type="Graphic" Graphic="genericBar*" />
	<Template Name="_TBarB" X="0" Y="404" Type="Graphic" Graphic="genericBar*" />
	<Template Name="_TBackground" Type="Graphic" Graphic="genericBackgroundCenter" X="108" Y="91" Priority="1" />
	<Template Name="_TBackgroundOverlay" Type="Graphic" X="111" Y="95" />
	<Template Name="_TDot" Type="Graphic" Graphic="genericDot" X="145" Y="67" />

	<!-- ***************** -->
	<!-- MISSION ACCOMPLISHED -->
	<!-- ***************** -->

	<Template Name="_TMissionLeft" X="120" Font="Menu" Type="TextBlock" Alignment="Left" />
	<Template Name="_TMissionRight" X="522" Font="Menu" Type="ZMissionBreakDown" Alignment="Right" />

	<Window Name="LevelPerformance" Template="TemplateWindow" PopOnBack="False" >
		<GuiElement Template="_THeader"		  Text="Another/MissionHeader" />				
		<GuiElement Template="_TSubHeader"	  Text="Another/MissionSubHeader" />
		<GuiElement Template="_TDot" />
		<GuiElement Template="_TBarT" />
		<GuiElement Template="_TBarB" />
		<GuiElement Template="_TBackground" />
		<GuiElement Template="_TBackgroundOverlay" Name="breakdownBackground" />
	
		<GuiElement Text="AccountBalance" Type="TextBlock" Font="Menu" X="178" Y="112" ColorSet="White" Priority="15"/>
		<GuiElement Type="ZPostMissionTextBlock" Font="Menu" X="510" Y="112" ColorSet="White" ID="AccountBalance" Alignment="Right" />

		<GuiElement Template="_TMissionLeft" Y="160" Text="Mission/txtTotalKills" />
		<GuiElement Template="_TMissionLeft" Text="Mission/txtShotsFired" />
		<GuiElement Template="_TMissionLeft" Text="Mission/txtShotsHit" />
		<GuiElement Template="_TMissionLeft" Text="Mission/txtCombatKills" />
		<GuiElement Template="_TMissionLeft" Text="Mission/txtAccidentKills" />
		<GuiElement Template="_TMissionLeft" Text="Mission/txtHeadShots" />
		<GuiElement Template="_TMissionLeft" Text="Mission/txtBodiesFound" />
		<GuiElement Template="_TMissionLeft" Text="Mission/txtCoversBlown" />
		<GuiElement Template="_TMissionLeft" Text="Mission/txtWitnesses" />
		<GuiElement Template="_TMissionLeft" Text="Mission/txtCameraCaught" />
		
		<GuiElement Template="_TMissionRight" Y="160" ID="txtTotalKills" />
		<GuiElement Template="_TMissionRight" ID="txtShotsFired" />
		<GuiElement Template="_TMissionRight" ID="txtShotsHit" />
		<GuiElement Template="_TMissionRight" ID="txtCombatKills" />
		<GuiElement Template="_TMissionRight" ID="txtAccidentKills" />
		<GuiElement Template="_TMissionRight" ID="txtHeadShots" />
		<GuiElement Template="_TMissionRight" ID="txtBodiesFound" />
		<GuiElement Template="_TMissionRight" ID="txtCoversBlown" />
		<GuiElement Template="_TMissionRight" ID="txtWitnesses" />
		<GuiElement Template="_TMissionRight" ID="txtCameraCaught" />

		<Platform PS2="True">
			<GuiElement X="140" Y="420" Type="OpenWindow" Text="Buttons/RestartMission" Window="RestartConfirmation" TakeFocus="False" ReceiveAllInput="True" Link="False" Template="Left" ActivateButton="ZW_SELECT4" />
			<GuiElement X="500" Y="420" Type="OpenWindow" Text="LevelStats/LS_CONTINUE" Window="LevelPerformance2" Link="False" ReceiveAllInput="True" ActivateButton="ZW_SELECT" Alignment="Right" />		
		</Platform>
		<Platform XBOX="True" XENON="True">
			<GuiElement X="140" Y="420" Type="OpenWindow" Text="Buttons/RestartMission" Window="RestartConfirmation" TakeFocus="False" Link="False" ReceiveAllInput="True" Template="Left" ActivateButton="ZW_SELECT4" />
			<GuiElement Type="OpenWindow" Text="LevelStats/LS_CONTINUE" Window="LevelPerformance2" X="500" Y="420" Alignment="Right"	 Link="False" ReceiveAllInput="True" ActivateButton="ZW_SELECT" />		
		</Platform>
		<Platform PC="True">
			<Navigation Navigation="Horizontal">	
				<GuiElement X="140" Y="420" Type="OpenWindow" Text="Buttons/RestartMission" Window="RestartConfirmation" TakeFocus="False" Template="Left" />
				<GuiElement X="500" Y="420" Type="OpenWindow" Text="LevelStats/LS_CONTINUE" Window="LevelPerformance2" Alignment="Right" />		
			</Navigation>
		</Platform>
	</Window>
	
	<Window Name="RestartConfirmation" Template="SaveLoadDialog" X="0" Y="0" W="350" H="250" AlignV="Center" AlignH="Center" AlignMode="Border" LineSpace="3" Dialog="True" Background="SaveLoadDialog" Frame="True">
		<GuiElement Type="TextBlock" Text="Dialog/RestartConfirmation" X="10" Y="50" Width="290" />
		<Navigation Navigation="Horizontal">		
			<GuiElement X="10" Type="LoadSceneUncomplete" Text="Yes" Scene="PreviousScene" TakeFocus="False" />
			<GuiElement Type="CloseWindow" Text="No" />
		</Navigation>		
		<Platform XBOX="True" PS2="True" XENON="True">
			<GuiElement Type="TextBlock" Text="Buttons/Select2" Font="Menu" Y="243" X="10" />
		</Platform>
	</Window>


	<!-- ***************** -->
	<!-- LEVEL PERFORMANCE -->
	<!-- ***************** -->
	
	<Window Name="LevelPerformance2" Template="TemplateWindow" > <!-- PopOnBack="False"  removed, LevelPerformance is now the first screen, LP -->
		<GuiElement Template="_THeader"		  Text="LevelPerformanceHeader" />				
		<GuiElement Template="_TSubHeader"	  Text="LevelPerformanceSubHeader" />
		<GuiElement Template="_TDot" />
		<GuiElement Template="_TBarT" />
		<GuiElement Template="_TBarB" />
		<GuiElement Template="_TBackground" />
		<GuiElement Template="_TBackgroundOverlay" Name="levelperformanceBackgroundCenter" />
						
		<GuiElement Text="AccountBalance" Type="TextBlock" Font="Menu" X="178" Y="112" ColorSet="White" Priority="15"/>
		<GuiElement Type="ZPostMissionTextBlock" Font="Menu" X="510" Y="112" ColorSet="White" ID="AccountBalance" Alignment="Right" />
				
		<GuiElement Text="Noise" Type="TextBlock" Font="Menu" X="122" Y="142" ColorSet="White"/>
				
		<GuiElement Pos="0" Name="ZLevelPerformanceNoise" Type="ZLevelPerformanceNoise" Graphic="LevelPerformance_IndicatorFrame*" X="200" Y="125" />
		<GuiElement Pos="1" Name="ZLevelPerformanceNoise" Type="ZLevelPerformanceNoise" Graphic="LevelPerformance_IndicatorFrame*" X="230" Y="125" />
		<GuiElement Pos="2" Name="ZLevelPerformanceNoise" Type="ZLevelPerformanceNoise" Graphic="LevelPerformance_IndicatorFrame*" X="260" Y="125" />
		<GuiElement Pos="3" Name="ZLevelPerformanceNoise" Type="ZLevelPerformanceNoise" Graphic="LevelPerformance_IndicatorFrame*" X="290" Y="125" />
		<GuiElement Pos="4" Name="ZLevelPerformanceNoise" Type="ZLevelPerformanceNoise" Graphic="LevelPerformance_IndicatorFrame*" X="320" Y="125" />
		<GuiElement Pos="5" Name="ZLevelPerformanceNoise" Type="ZLevelPerformanceNoise" Graphic="LevelPerformance_IndicatorFrame*" X="350" Y="125" />
		<GuiElement Pos="6" Name="ZLevelPerformanceNoise" Type="ZLevelPerformanceNoise" Graphic="LevelPerformance_IndicatorFrame*" X="380" Y="125" />
		<GuiElement Pos="7" Name="ZLevelPerformanceNoise" Type="ZLevelPerformanceNoise" Graphic="LevelPerformance_IndicatorFrame*" X="410" Y="125" />
		<GuiElement Pos="8" Name="ZLevelPerformanceNoise" Type="ZLevelPerformanceNoise" Graphic="LevelPerformance_IndicatorFrame*" X="440" Y="125" />
		<GuiElement Pos="9" Name="ZLevelPerformanceNoise" Type="ZLevelPerformanceNoise" Graphic="LevelPerformance_IndicatorFrame*" X="470" Y="125" />

		<GuiElement Text="Violence" Type="TextBlock" Font="Menu" X="122" Y="223" ColorSet="White"/>
		
		<GuiElement Pos="0" Name="ZLevelPerformanceViolence" Type="ZLevelPerformanceViolence" Graphic="LevelPerformance_IndicatorFrame*" X="200" Y="205" />
		<GuiElement Pos="1" Name="ZLevelPerformanceViolence" Type="ZLevelPerformanceViolence" Graphic="LevelPerformance_IndicatorFrame*" X="230" Y="205" />
		<GuiElement Pos="2" Name="ZLevelPerformanceViolence" Type="ZLevelPerformanceViolence" Graphic="LevelPerformance_IndicatorFrame*" X="260" Y="205" />
		<GuiElement Pos="3" Name="ZLevelPerformanceViolence" Type="ZLevelPerformanceViolence" Graphic="LevelPerformance_IndicatorFrame*" X="290" Y="205" />
		<GuiElement Pos="4" Name="ZLevelPerformanceViolence" Type="ZLevelPerformanceViolence" Graphic="LevelPerformance_IndicatorFrame*" X="320" Y="205" />
		<GuiElement Pos="5" Name="ZLevelPerformanceViolence" Type="ZLevelPerformanceViolence" Graphic="LevelPerformance_IndicatorFrame*" X="350" Y="205" />
		<GuiElement Pos="6" Name="ZLevelPerformanceViolence" Type="ZLevelPerformanceViolence" Graphic="LevelPerformance_IndicatorFrame*" X="380" Y="205" />
		<GuiElement Pos="7" Name="ZLevelPerformanceViolence" Type="ZLevelPerformanceViolence" Graphic="LevelPerformance_IndicatorFrame*" X="410" Y="205" />
		<GuiElement Pos="8" Name="ZLevelPerformanceViolence" Type="ZLevelPerformanceViolence" Graphic="LevelPerformance_IndicatorFrame*" X="440" Y="205" />
		<GuiElement Pos="9" Name="ZLevelPerformanceViolence" Type="ZLevelPerformanceViolence" Graphic="LevelPerformance_IndicatorFrame*" X="470" Y="205" />
		
		<GuiElement Alignment="Left"  X="124" Font="Menu" Type="TextBlock" Text="LevelCompletionTime" Y="290" ColorSet="White" />	
		<GuiElement Alignment="Right" X="510" Font="Menu" Type="ZMissionBreakDown" Y="290" ColorSet="White" ID="Time" />
		
		<GuiElement Text="YourRating" Type="TextBlock" Font="Menu" X="122" Y="320" ColorSet="White"/>
		<GuiElement Type="ZPostMissionTextBlock" Font="Menu" X="510" Y="320" ColorSet="White" ID="YourRating" Alignment="Right" />
		
		<GuiElement Text="YourNotoriety" Type="TextBlock" Font="Menu" X="122" Y="357" ColorSet="White"/>
		<GuiElement Type="Graphic" Name="LevelPerformance_NotorietryFrame*" X="402" Y="342" />
		<GuiElement Type="ZGuiNoterietyIndicator" Frame="Noteriety" W="3" H="14" X="406" Y="345" />
		<GuiElement Type="ZMissionBreakDown" Font="Menu" X="335" Y="357" Text="100/100" Name="NotorietyValue2" ID="NotorietyValue" />
		
		<!-- menu options -->
		<Platform PS2="True">
			<!--<GuiElement X="140" Y="420" Type="LoadSceneUncomplete" Text="Buttons/Replay2" Scene="PreviousScene" TakeFocus="False" ReceiveAllInput="True" Link="False" Template="Left" ActivateButton="ZW_SELECT4" />-->
			<GuiElement Type="CloseWindow" Text="LevelStats/LS_BACK" X="140" Y="420" TakeFocus="False" />	
			<GuiElement X="500" Y="420" Type="OpenWindow" Text="LevelStats/LS_CONTINUE" Window="MissionBreakdown" Link="False" ReceiveAllInput="True" ActivateButton="ZW_SELECT" Alignment="Right" />		
		</Platform>
	
		<Platform PC="True">
			<Navigation Navigation="Horizontal">	
				<GuiElement Type="CloseWindow" Text="LevelStats/LS_BACK" X="140" Y="420" TakeFocus="False" />	
				<GuiElement X="500" Y="420" Type="OpenWindow" Text="LevelStats/LS_CONTINUE" Window="MissionBreakdown" Alignment="Right"	/>		
			</Navigation>
		</Platform>
	
		<Platform XBOX="True" XENON="True">
			<!--<GuiElement X="140" Y="420" Type="LoadSceneUncomplete" Text="Buttons/Replay2" Scene="PreviousScene" TakeFocus="False" Link="False" ReceiveAllInput="True" Template="Left" ActivateButton="ZW_SELECT4" />-->
			<GuiElement Type="CloseWindow" Text="LevelStats/LS_BACK" X="140" Y="420" TakeFocus="False" />	
			<GuiElement Type="OpenWindow" Text="LevelStats/LS_CONTINUE" Window="MissionBreakdown" X="500" Y="420" Alignment="Right" Link="False" ReceiveAllInput="True" ActivateButton="ZW_SELECT" />		
		</Platform>
			
	</Window>	
	
	<!-- ***************** -->
	<!-- MISSION BREAKDOWN -->
	<!-- ***************** -->

	<Template Name="HeaderBreakdown" Type="TextBlock" Font="Header" X="110" Y="48" ColorSet="ColorHeader" />	

	<Platform PS2="True">
		<Template Name="SubHeaderBreakdown" Type="TextBlock" Font="Menu" X="133" Y="64" ColorSet="ColorSubHeader" />
		
		<Template Name="BreakDownL" Alignment="Left"  X="124" Font="Menu" Type="TextBlock" />
		<Template Name="BreakDownR" Alignment="Right" X="394" Font="Menu" Type="ZMissionBreakDown" />
	</Platform>
	<Platform PC="True">
		<Template Name="SubHeaderBreakdown" Type="TextBlock" Font="Menu" X="167" Y="68" ColorSet="ColorSubHeader" />
		
		<Template Name="BreakDownL" Alignment="Left"  X="160" Font="Menu" Type="TextBlock" />
		<Template Name="BreakDownR" Alignment="Right" X="490" Font="Menu" Type="ZMissionBreakDown" />
	</Platform>
	<Platform XBOX="True" XENON="True">
		<Template Name="SubHeaderBreakdown" Type="TextBlock" Font="Menu" X="167" Y="68" ColorSet="ColorSubHeader" />
		
		<Template Name="BreakDownL" Alignment="Left"  X="160" Font="Menu" Type="TextBlock" />
		<Template Name="BreakDownR" Alignment="Right" X="490" Font="Menu" Type="ZMissionBreakDown" />
	</Platform>
	
	<Template Name="BreakDownObjective" Alignment="Left"  X="200" Font="Menu" Type="ZMissionBreakDown" />

	<Window Name="MissionBreakdown" Template="TemplateWindow" >
		<GuiElement Template="_THeaderShadow" Text="MissionBreakdownDetails" />
		<GuiElement Template="_THeader"		  Text="MissionBreakdownDetails" />				
		<GuiElement Template="_TSubHeader"	  Text="MoneyEarned" />
		<GuiElement Template="_TDot" />
		<GuiElement Template="_TBarT" />
		<GuiElement Template="_TBarB" />
		<GuiElement Template="_TBackground" />
		<GuiElement Template="_TBackgroundOverlay" Name="breakdownBackground" />

		<GuiElement Text="AccountBalance" Type="TextBlock" Font="Menu" X="178" Y="112" ColorSet="White" />
		<GuiElement Type="ZPostMissionTextBlock" Font="Menu" X="510" Y="112" ColorSet="White" ID="AccountBalance" Alignment="Right" />

		<!-- LEVEL RATING -->
		<GuiElement Template="BreakDownL" Text="LevelRating" Y="137" />
		<GuiElement Template="BreakDownR" Y="137" ID="Rating"/>

		<GuiElement Type="Graphic" Name="genericHorizontalDots*" X="120" Y="142" />
		
		<!-- OBJECTIVES -->
		<GuiElement Template="BreakDownL" Text="mbd/missionObjectives" Y="170"/>		
		<GuiElement Template="BreakDownR" Y="170" ID="PrimaryTargets" />
		
		<!-- RATING BONUS -->
		<GuiElement Template="BreakDownL" Text="RatingBonus"	Y="190"/>		
		<GuiElement Template="BreakDownR" Y="190" ID="RatingBonus" />
		
		<!-- DAMAGE CONTROL -->
		<GuiElement Template="BreakDownL" Text="mbd/missionDamageControl"	Y="210"/>		
		<GuiElement Template="BreakDownR" Y="210" ID="DamageControl" />

		<!-- Suit Retrieval -->
		<GuiElement Template="BreakDownL" Text="mbd/missionSuitRetrival"	Y="230"/>		
		<GuiElement Template="BreakDownR" Y="230" ID="SuitRetrieval" />

		<!-- Custom Weapons Retrieval -->
		<GuiElement Template="BreakDownL" Text="mbd/missionCustomWeapons"	Y="250"/>		
		<GuiElement Template="BreakDownR" Y="250" ID="CustomWeaponsRetrieval" />

		<!-- split -->
		<GuiElement Type="Graphic" Name="genericHorizontalDots*" X="120" Y="260" />

		<!-- TOTAL MISSION EARNINGS -->
		<GuiElement Template="BreakDownL" Text="TotalMissionEarnigs" Y="285" />		
		<GuiElement Template="BreakDownR" Y="285" ID="TotalPayment"/>
		
		<!-- split -->
		<GuiElement Type="Graphic" Name="genericHorizontalDots*" X="120" Y="292" />
		
		<GuiElement Template="BreakDownL" Text="TotalAccountBalance"		Y="350" />	
		<GuiElement Type="ZPostMissionTextBlock" Font="Menu" X="490" Y="350" ColorSet="White" ID="AccountBalance" Alignment="Right" />

		<Platform PS2="True">
			<GuiElement X="140" Y="420" Type="TextBlock" Text="LevelStats/LS_BACK" />		
			<GuiElement X="500" Y="420" Type="LevelCompletedBeforeLoadNextScene" Text="LevelStats/LS_CONTINUE" Window="Bribes" Link="False" ReceiveAllInput="True" ActivateButton="ZW_SELECT" Alignment="Right" />		
		</Platform>
		
		<Platform PC="True">
			<Navigation Navigation="Horizontal">
				<GuiElement Type="CloseWindow" Text="LevelStats/LS_BACK" X="140" Y="420" TakeFocus="False" />		
				<GuiElement X="310" Y="420" Type="OpenLicenseWindow" Text="UploadScores" Window="OnlineWindow100ingame" Path="Upload" TakeFocus="False" Alignment="Center" />
				<GuiElement Type="LevelCompletedBeforeLoadNextScene" Text="LevelStats/LS_CONTINUE" Window="Bribes" X="500" Y="420" Alignment="Right"	 />		
			</Navigation>
		</Platform>
		
		<Platform XBOX="True" XENON="True">
			<GuiElement X="140" Y="420" Type="TextBlock" Text="LevelStats/LS_BACK" />
			<GuiElement Type="ZHighScoreContinue" Text="LevelStats/LS_CONTINUE" Window="Bribes" Path="Upload" X="500" Y="420" Alignment="Right" Link="False" ReceiveAllInput="True" ActivateButton="ZW_SELECT" />
		</Platform>
		
		<!-- old way going to highscore window
		<Platform PC="True">
			<Navigation Navigation="Horizontal">	
				<GuiElement Type="CloseWindow" Text="LevelStats/LS_BACK" X="140" Y="420" />		
				<GuiElement Type="OpenWindow" Text="LevelStats/LS_CONTINUE" Window="HighScores" X="500" Y="420" Alignment="Right"	 />		
			</Navigation>
		</Platform>
		<Platform XBOX="True">
			<GuiElement X="140" Y="420" Type="TextBlock" Text="LevelStats/LS_BACK" />	
			<GuiElement Type="OpenWindow" Text="LevelStats/LS_CONTINUE" Window="HighScores" X="500" Y="420" Alignment="Right"	 Link="False" ReceiveAllInput="True" ActivateButton="ZW_SELECT" />
		</Platform>
		-->
		<Platform XENON="True">
			<GuiElement X="140" Y="420" Type="TextBlock" Text="LevelStats/LS_BACK" />	
			<GuiElement Type="LevelCompletedBeforeLoadNextScene" Text="LevelStats/LS_CONTINUE" Window="Bribes" X="500" Y="420" Alignment="Right"	 Link="False" ReceiveAllInput="True" ActivateButton="ZW_SELECT" />
		</Platform>
		
	</Window>

	<!-- ***************** -->
	<!-- OBJECTIVES DETAIL -->
	<!-- ***************** -->

	<Window Name="ObjectivsDetail" Template="TemplateWindow" >
		<GuiElement Template="_THeaderShadow" Text="OBJECTIVES DETAIL" />
		<GuiElement Template="_THeader"		  Text="OBJECTIVES DETAIL" />				
		<GuiElement Template="_TSubHeader"	  Text="OBJECTIVES" />
		<GuiElement Template="_TDot" />
		<GuiElement Template="_TBarT" />
		<GuiElement Template="_TBarB" />
		<GuiElement Template="_TBackground" />
		<GuiElement Template="_TBackgroundOverlay" Name="breakdownBackground" />
		
		<GuiElement Type="CloseWindow" Text="LevelStats/LS_BACK" X="140" Y="420" />		
	</Window>

	<!-- ***************** -->
	<!-- HIGHSCORES		   -->
	<!-- ***************** -->

	<Window Name="HighScores" Template="TemplateWindow" >
		<GuiElement Template="_THeaderShadow" Text="HighScores" />
		<GuiElement Template="_THeader"		  Text="HighScores" />				
		<GuiElement Template="_TSubHeader"	  Text="ImprovedRankings" />
		<GuiElement Template="_TDot" />
		<GuiElement Template="_TBarT" />
		<GuiElement Template="_TBarB" />
		<GuiElement Template="_TBackground" />
		<GuiElement Template="_TBackgroundOverlay" Name="bribesBackgroundCenter" />

		<GuiElement Text="OnlineHighscores" Font="Menu" X="120" Y="160" Type="OpenWindow" TakeFocus="False"/>
		<GuiElement Text="PersonalRecord" Font="Menu" X="120" Y="190" Type="OpenWindow" TakeFocus="False"/>

		<Platform PC="True">
			<Navigation Navigation="Horizontal">
				<GuiElement Type="CloseWindow" Text="LevelStats/LS_BACK" X="140" Y="420" />		
				<GuiElement X="310" Y="420" Type="OpenLicenseWindow" Text="UploadScores" Window="OnlineWindow100ingame" Path="Upload" TakeFocus="False" Alignment="Center" />
				<GuiElement Type="LevelCompletedBeforeLoadNextScene" Text="LevelStats/LS_CONTINUE" Window="Bribes" X="500" Y="420" Alignment="Right"	 />		
			</Navigation>
		</Platform>
		<Platform XBOX="True" XENON="True">
			<GuiElement X="140" Y="420" Type="TextBlock" Text="LevelStats/LS_BACK" />
			<GuiElement Type="ZHighScoreContinue" Text="LevelStats/LS_CONTINUE" Window="Bribes" Path="Upload" X="500" Y="420" Alignment="Right" Link="False" ReceiveAllInput="True" ActivateButton="ZW_SELECT" />
		</Platform>

	</Window>
	
	<!-- ***************** -->
	<!-- BRIBES			   -->
	<!-- ***************** -->
	
	<Platform PC="True">
		<Template Name="CheckBoxParams" TakeFocus="False" />
		<Template Name="CheckBoxGraphicParams" AnimateAlpha="False" />
	</Platform>

	<Platform PS2="True" XBOX="True" XENON="True">
		<Template Name="CheckBoxParams" TakeFocus="True" />
		<Template Name="CheckBoxGraphicParams" AnimateAlpha="True" />
	</Platform>

	<Window Name="Bribes" Template="TemplateWindow" >
		<GuiElement Template="_THeaderShadow" Text="BribesHeader" />
		<GuiElement Template="_THeader"		  Text="BribesHeader" />				
		<GuiElement Template="_TSubHeader"	  Text="BribesSubHeader" />
		<GuiElement Template="_TDot" />
		<GuiElement Template="_TBarT" />
		<GuiElement Template="_TBarB" />
		<GuiElement Template="_TBackground" />
		<GuiElement Template="_TBackgroundOverlay" Name="bribesBackgroundCenter" />
		
		<GuiElement Text="AccountBalance" Font="Menu" X="178" Y="112" Type="TextBlock" />
		<GuiElement Type="ZPostMissionTextBlock" Font="Menu" X="510" Y="112" ColorSet="White" ID="AccountBalance" Alignment="Right" />

		<GuiElement Name="BribeInfoTitle" X="320" Y="135" Type="TextBlock" Font="Menu" Text="Another/txtBribeCiviTitle" ColorSet="White" />
		<GuiElement LineSpace="-8" Name="BribeInfoText" X="320" Y="156" Type="TextBlock" Font="Menu" Text="Another/txtBribeCiviText"  ColorSet="White" />

		<!-- bribe civilians -->
		<GuiElement Text="BribeCivi" Type="TextBlock" X="120" Y="135" />
		<GuiElement Text="30000" Type="ZTextBlockGeneric" X="120" Y="152" ID="BribesCivi" />
		<GuiElement Name="BribesCivi" Type="ZGuiToggleBribesCivi" X="280" Y="124" LowerBound="0" UpperBound="1" ColorSet="CheckEnabled" Template="CheckBoxParams" >
			<GuiElement Type="Graphic" Graphic="BribesCheckboxFrame*" UseAsButton="True" Template="CheckBoxGraphicParams" />
			<GuiElement Type="Graphic" Graphic="BribesCheckboxWithCheck*" UseAsButton="True" Template="CheckBoxGraphicParams" />	
		</GuiElement>		

		<!-- bribe chief of police -->
		<GuiElement Text="BribeChiefOfPolice" Type="TextBlock" X="120" Y="185" />
		<GuiElement Text="30000" Type="ZTextBlockGeneric" X="120" Y="202" ID="BribePolice" />
		<GuiElement Name="BribesPolice" Type="ZGuiToggleBribesPolice" X="280" Y="173" LowerBound="0" UpperBound="1" ColorSet="CheckEnabled" Template="CheckBoxParams" >
			<GuiElement Type="Graphic" Graphic="BribesCheckboxFrame*" UseAsButton="True" Template="CheckBoxGraphicParams" />
			<GuiElement Type="Graphic" Graphic="BribesCheckboxWithCheck*" UseAsButton="True" Template="CheckBoxGraphicParams" />	
		</GuiElement>		
		
		<GuiElement Text="AcquireNewIdentity" Type="TextBlock" X="120" Y="235" />
		<GuiElement Text="30000" Type="ZTextBlockGeneric" X="120" Y="252" ID="BribeIdentity" />
		<GuiElement  Name="BribesIdentity" Type="ZGuiToggleBribesIdentity" X="280" Y="225" LowerBound="0" UpperBound="1" ColorSet="CheckEnabled" Template="CheckBoxParams" >
			<GuiElement Type="Graphic" Graphic="BribesCheckboxFrame*" UseAsButton="True" Template="CheckBoxGraphicParams" />
			<GuiElement Type="Graphic" Graphic="BribesCheckboxWithCheck*" UseAsButton="True" Template="CheckBoxGraphicParams" />	
		</GuiElement>		

		<Platform XBOX="True" PS2="True">
			<GuiElement Text="UseToSelect" Type="TextBlock" X="120" Y="300" />
		</Platform>

		<GuiElement Text="YourNotoriety" Type="TextBlock" Font="Menu" X="122" Y="357" ColorSet="White"/>
		<GuiElement Type="Graphic" Name="LevelPerformance_NotorietryFrame*" X="402" Y="342" />
		<GuiElement Name="NoterietyIndicator" Type="ZGuiNoterietyIndicator" Frame="Noteriety" W="3" H="14" X="406" Y="345" />		
		<GuiElement Type="ZMissionBreakDown" Font="Menu" X="335" Y="357" Text="100/100" Name="NotorietyValue" ID="NotorietyValue" />

		<Platform PS2="True">
			<GuiElement X="140" Y="420" Type="TextBlock" Text="LevelStats/LS_BACK" />
			<GuiElement X="500" Y="420" Text="LevelStats/LS_CONTINUE" Type="ZBribesNavigator" Link="False" Alignment="Right" ReceiveAllInput="True" ActivateButton="ZW_SELECT"/>		
		</Platform>
		
		<Platform PC="True">
			<Navigation Navigation="Horizontal">
				<GuiElement Type="CloseWindow" Text="LevelStats/LS_BACK" X="140" Y="420" TakeFocus="False" />	
				<GuiElement X="500" Y="420" Text="LevelStats/LS_CONTINUE" Type="ZBribesNavigator" Alignment="Right" />
			</Navigation>
		</Platform>
		
		<Platform XBOX="True" XENON="True">
			<GuiElement X="140" Y="420" Type="TextBlock" Text="LevelStats/LS_BACK" />
			<GuiElement X="500" Y="420" Text="LevelStats/LS_CONTINUE" Type="ZBribesNavigator" Link="False" Alignment="Right" ReceiveAllInput="True" ActivateButton="ZW_SELECT"/>		
		</Platform>
		
	</Window>
</Windows>	
