<Windows>

	<!-- ColorSetDefinition Name="Default" NormalColor="0xffececec" FocusColor="0xffffffff" DisableColor="0xffffffff" /-->
	<ColorSetDefinition Name="Grey" NormalColor="0xffececec" FocusColor="0xaaaaaaaa" />
	<!-- *********************************************************************************************************************** -->
	<!-- Templates -->
	<!-- *********************************************************************************************************************** -->

	<Platform XBOX="True" XENON="True">
		<Template Name="Window" X="0" Y="0" W="640" H="448" AlignV="Center" AlignH="Center" AlignMode="Border" LineSpace="3" />
		<Template Name="LeftPosX" X="209" Alignment="Right" />
		<Template Name="RightPosX" X="229" />
		<Template Name="ToggleOption" OptionOffset="20" Template="LeftPosX" />
		<Template Name="BottomLeftPos" Y="390" Template="LeftPosX" />
		<Template Name="BottomRightPos" Y="390" Template="RightPosX" />
		<Template Name="TopPos" Type="TextBlock" Text="" Y="80" />		
		<Template Name="Top">
			<!-- GuiElement Type="Graphic" Name="Dots*" X="320" Y="35" / -->
			<GuiElement Template="TopPos" />
		</Template>
		<Template Name="HeaderElement" Type="Header" Font="Header" Template="LeftPosX" Y="70" />
		<Template Name="Header">
			<GuiElement Template="HeaderElement" />
			<!-- GuiElement Type="ProfileName" Template="RightPosX" Font="Menu" Y="50" Alignment="Left" / -->			
			<GuiElement Template="TopPos" />
		</Template>
		<Template Name="AutoLoginElementTemplate">
			<GuiElement Type="AutoOnlineLogin" Name="AutoLoginElement" X="300" Y="440" />
		</Template>
		<Template Name="Legend">
			<GuiElement Type="TextBlock" Text="Buttons/Back2" Font="Menu" Template="BottomLeftPos" />
		</Template>
		<Template Name="Legend2">
			<GuiElement Type="TextBlock" Text="Buttons/Select2" Font="Menu" Template="BottomLeftPos" />
			<GuiElement Type="TextBlock" Text="Buttons/Back" Font="Menu" Template="BottomRightPos" />
		</Template>
		<Template Name="Legend3">
			<GuiElement Type="TextBlock" Text="Buttons/Select2" Font="Menu" Template="BottomLeftPos" />
		</Template>
		<Template Name="Legend4">
			<GuiElement Type="TextBlock" Text="Buttons/Select2" Font="Menu" Template="BottomLeftPos" />
			<Navigation Navigation="Horizontal">
				<GuiElement Type="TextBlock" Text="Buttons/Discard" Font="Menu" Template="BottomRightPos" />
				<GuiElement Type="CloseWindow" Text="Buttons/Accept" Link="False" ActivateButton="ZW_SELECT4" ReceiveAllInput="True" />
			</Navigation>
		</Template>
		<Template Name="Legend6">
			<GuiElement Type="TextBlock" Text="Buttons/Discard2" Font="Menu" Template="BottomLeftPos" />
			<GuiElement Type="CloseWindow" Text="Buttons/Accept" Template="BottomRightPos" Link="False" ActivateButton="ZW_SELECT4" ReceiveAllInput="True" />
		</Template>
		<ButtonGraphicDefinition Name="SliderGraphic" GraphicsOnly="False" TextOffsetX="-20" TextOffsetY="0" TextAlignment="Right" H="18" />
		<Template Name="Slider" Template="RightPosX" SliderOffset="0" ButtonGraphic="SliderGraphic" />
	</Platform>
	<Platform PC="True">
		<Template Name="Window" X="0" Y="0" W="1024" H="768" AlignV="Center" AlignH="Center" AlignMode="Border"	LineSpace="11" />
		<Template Name="LeftPosX" X="376" Alignment="Right" />
		<Template Name="RightPosX" X="391" />
		<Template Name="ToggleOption" OptionOffset="25" Template="LeftPosX" />	
		<Template Name="BottomLeftPos" Y="629" Template="LeftPosX" />
		<Template Name="BottomRightPos" Y="629" Template="RightPosX" />
		<Template Name="ButtonDialog" X="0" Y="0" W="350" H="200" AlignV="Center" AlignH="Center" AlignMode="Border" LineSpace="3" Dialog="True" Background="SaveLoadDialog" Frame="True" />
		<Template Name="TopPos" Type="TextBlock" Text="" Y="196" />
		<Template Name="Top">
			<!-- GuiElement Type="Graphic" Name="Dots*" X="512" Y="65" / -->
			<!-- GuiElement Type="ProfileName" Template="RightPosX" Font="Menu" Y="81" Alignment="Left" / -->
			<GuiElement Template="TopPos" />
		</Template>
		<Template Name="HeaderElement" Type="Header" Font="Header" Template="LeftPosX" Y="151" />
		<Template Name="Header">
			<GuiElement Template="HeaderElement" />
			<GuiElement Template="Top" />
		</Template>
		<Template Name="AutoLoginElementTemplate">
			<GuiElement Type="AutoOnlineLogin" Name="AutoLoginElement" X="450" Y="612" />
		</Template>
		<Template Name="Legend">
			<GuiElement Type="CloseWindow" Text="Buttons/Back" Font="Menu" Template="BottomLeftPos" />
		</Template>
		<Template Name="Legend2">
			<GuiElement Template="Legend" />
		</Template>
		<Template Name="Legend3">
		</Template>
		<Template Name="Legend4">
			<Navigation Navigation="Horizontal">
				<GuiElement Type="CloseWindowOptions" SaveOptions="True" Text="Buttons/Accept" Font="Menu" Template="BottomLeftPos" />	
				<GuiElement Type="CloseWindow" Cancel="True" Text="Buttons/Cancel2" Template="BottomRightPos" />
			</Navigation>	
		</Template>
		<Template Name="Legend6">
			<Navigation Navigation="Horizontal">
				<GuiElement Type="CloseWindowOptions" SaveOptions="True" Text="Buttons/Accept" Font="Menu" Template="BottomLeftPos" />	
				<GuiElement Type="CloseWindow" Cancel="True" Text="Buttons/Cancel2" Template="BottomRightPos" />
			</Navigation>	
		</Template>
		<Template Name="ButtonConfigurationLegend">
			<Navigation Navigation="Horizontal">
				<GuiElement Type="CloseWindowOptions" SaveOptions="True" Text="Buttons/Accept" Font="Menu" Template="BottomLeftPos" />
				<GuiElement Type="CloseWindow" Cancel="True" Text="Buttons/Cancel2" Font="Menu" Template="BottomRightPos" />
				<GuiElement Type="DefaultButton" Text="Buttons/Default" Font="Menu" />
			</Navigation>	
		</Template>
		<ButtonGraphicDefinition Name="SliderGraphic" GraphicsOnly="False" TextOffsetX="-14" TextOffsetY="0" TextAlignment="Right" H="18" />
		<Template Name="Slider" Template="RightPosX" SliderOffset="12" ButtonGraphic="SliderGraphic" />
	</Platform>
	<Platform PS2="True">
		<Template Name="Window" X="0" Y="0" W="512" H="448" AlignV="Center" AlignH="Center" AlignMode="Border" LineSpace="3" Template="WindowBackground" />
		<Template Name="LeftPosX" X="198" Alignment="Right" />
		<Template Name="RightPosX" X="207" />
		<Template Name="ToggleOption" OptionOffset="9" Template="LeftPosX" />		
		<Template Name="BottomLeftPos" Y="362" Template="LeftPosX" />
		<Template Name="BottomRightPos" Y="362" Template="RightPosX" />
		<Template Name="TopPos" Type="TextBlock" Text="" Y="110" />		
		<Template Name="Top">
			<!-- GuiElement Type="ProfileName" Font="Menu" X="220" Y="50" / -->
			<GuiElement Template="TopPos" />
		</Template>
		<Template Name="HeaderElement" Type="Header" Font="Header" Template="LeftPosX" Y="100" />
		<Template Name="Header">
			<GuiElement Template="HeaderElement" />	
			<GuiElement Template="Top" />
		</Template>
		<Template Name="Legend">
			<GuiElement Type="TextBlock" Text="Buttons/Back2" Font="Menu" Template="BottomLeftPos" />
		</Template>
		<Template Name="Legend2">
			<GuiElement Type="TextBlock" Text="Buttons/Select2" Font="Menu" Template="BottomLeftPos" />
			<GuiElement Type="TextBlock" Text="Buttons/Back" Font="Menu" Template="BottomRightPos" />
		</Template>
		<Template Name="Legend3">
			<GuiElement Type="TextBlock" Text="Buttons/Select2" Font="Menu" Template="BottomLeftPos" />
		</Template>
		<Template Name="Legend4">
			<GuiElement Type="TextBlock" Text="Buttons/Select2" Font="Menu" Template="BottomLeftPos"/>		
			<Navigation Navigation="Horizontal">
				<GuiElement Type="TextBlock" Text="Buttons/Discard" Font="Menu" Template="BottomRightPos" />
				<GuiElement Type="CloseWindow" Text="Buttons/Accept" Font="Menu" Link="False" ActivateButton="ZW_SELECT4" ReceiveAllInput="True" />	
			</Navigation>
		</Template>		
		<Template Name="Legend5">
			<GuiElement Type="TextBlock" Text="Buttons/Discard2" Template="BottomLeftPos" />	
			<GuiElement Type="CloseWindow" Text="Buttons/Accept" Font="Menu" Template="BottomRightPos" Link="False" ActivateButton="ZW_SELECT4" ReceiveAllInput="True" />
		</Template>
		<Template Name="Legend6">
			<GuiElement Type="TextBlock" Text="Buttons/Discard2" Template="BottomLeftPos" />	
			<GuiElement Type="CloseWindow" Text="Buttons/Accept" Template="BottomRightPos" Link="False" ActivateButton="ZW_SELECT4" ReceiveAllInput="True" />
		</Template>		
		<ButtonGraphicDefinition Name="SliderGraphic" GraphicsOnly="False" TextOffsetX="-9" TextOffsetY="0" TextAlignment="Right" H="18" />
		<Template Name="Slider" Template="RightPosX" SliderOffset="2" ButtonGraphic="SliderGraphic" />
	</Platform>

	<ButtonGraphicDefinition Name="ButtonGraphicUp" H="14" GraphicsOnly="True">
		<GraphicElement Name="ScrollUp" AnimateAlpha="True" Priority="15" X="-11" Y="0">
			<Type Value="Focus" />
		</GraphicElement>
		<GraphicElement Name="ScrollUp" AnimateAlpha="False" Priority="15" X="-11" Y="0">
			<Type Value="Normal" />
		</GraphicElement>
	</ButtonGraphicDefinition>

	<ButtonGraphicDefinition Name="ButtonGraphicDown" GraphicsOnly="True">
		<GraphicElement Name="ScrollDown" AnimateAlpha="True" Priority="15" X="-11" Y="0">
			<Type Value="Focus" />
		</GraphicElement>
		<GraphicElement Name="ScrollDown" AnimateAlpha="False" Priority="15" X="-11" Y="0">
			<Type Value="Normal" />
		</GraphicElement>
	</ButtonGraphicDefinition>
	
	<Platform PC="True">
		<ButtonGraphicDefinition Name="KbdButtonGraphicUp" H="14" GraphicsOnly="True">
			<GraphicElement Name="ScrollUp" AnimateAlpha="True" Priority="15" X="570" Y="250">
				<Type Value="Focus" />
			</GraphicElement>
			<GraphicElement Name="ScrollUp" AnimateAlpha="False" Priority="15" X="570" Y="250">
				<Type Value="Normal" />
			</GraphicElement>
		</ButtonGraphicDefinition>

		<ButtonGraphicDefinition Name="KbdButtonGraphicDown" GraphicsOnly="True">
			<GraphicElement Name="ScrollDown" AnimateAlpha="True" Priority="15" X="570" Y="230">
				<Type Value="Focus" />
			</GraphicElement>
			<GraphicElement Name="ScrollDown" AnimateAlpha="False" Priority="15" X="570" Y="230">
				<Type Value="Normal" />
			</GraphicElement>
		</ButtonGraphicDefinition>
		
		<Template Name="CheckBoxOffset" X="23" Y="-16" />
		
		<ButtonGraphicDefinition Name="CheckBoxChecked" H="14" GraphicsOnly="True">
			<GraphicElement Name="CheckBoxTick" AnimateAlpha="True" Priority="15" Template="CheckBoxOffset">
				<Type Value="Focus" />
			</GraphicElement>
			<GraphicElement Name="CheckBoxTick" AnimateAlpha="False" Priority="15" Template="CheckBoxOffset">
				<Type Value="Normal" />
			</GraphicElement>
			<GraphicElement Name="CheckBoxTick" AnimateAlpha="False" Priority="15" Template="CheckBoxOffset">
				<Type Value="Disabled" />
			</GraphicElement>
		</ButtonGraphicDefinition>
		<ButtonGraphicDefinition Name="CheckBoxUnchecked" H="14" GraphicsOnly="True">
			<GraphicElement Name="CheckBoxFrame" AnimateAlpha="True" Priority="15" Template="CheckBoxOffset">
				<Type Value="Focus" />
			</GraphicElement>
			<GraphicElement Name="CheckBoxFrame" AnimateAlpha="False" Priority="15" Template="CheckBoxOffset">
				<Type Value="Normal" />
			</GraphicElement>
			<GraphicElement Name="CheckBoxFrame" AnimateAlpha="False" Priority="15" Template="CheckBoxOffset">
				<Type Value="Disabled" />
			</GraphicElement>
		</ButtonGraphicDefinition>
	</Platform>
	
	<!-- ************************************************************************************************************************ -->
	<!-- Options -->
	<!-- ************************************************************************************************************************ -->

	<!-- Sound menu -->
	<Platform PC="True">
		<Template Name="SoundSlider" Template="Slider" LowerBound="0" UpperBound="100" Step="5" SliderSize="120" ButtonGraphic="SliderGraphic" Type="Slider" />
	</Platform>	
	<Platform XBOX="True" XENON="True">
		<Template Name="SoundSlider" Template="Slider" LowerBound="0" UpperBound="100" Step="5" SliderSize="100" ButtonGraphic="SliderGraphic" Type="Slider" />
	</Platform>	
	<Platform PS2="True">	
		<Template Name="SoundSlider" Template="Slider" LowerBound="0" UpperBound="100" Step="5" SliderSize="60" ButtonGraphic="SliderGraphic" Type="Slider" />
	</Platform>			
	<Window Name="SoundMenu" Template="Window">
		<GuiElement Template="Header" />
		<GuiElement Option="Audio_Volume_Sfx" Text="Options/SfxVolume" Template="SoundSlider" ColorSet="Default" />
		<GuiElement Option="Audio_Volume_Dialog" Text="Options/SpeechVolume" Template="SoundSlider" ColorSet="Default" />
		<GuiElement Option="Audio_Volume_Music" Text="Options/MusicVolume" Template="SoundSlider" ColorSet="Default" />
		<GuiElement Option="Audio_Volume_Ambience" Text="Options/AmbienceVolume" Template="SoundSlider" ColorSet="Default" />
		<GuiElement Option="Audio_Volume_Movie" Text="Options/MovieVolume" Template="SoundSlider" ColorSet="Default" />
		<GuiElement Type="HM3ToggleOption" Option="UseEAX" Text="Options/EAX" Template="ToggleOption"  >
			<ToggleTextItem Text="Options/No" />
			<ToggleTextItem Text="Options/Yes" />
		</GuiElement>
		<GuiElement Template="Legend6" />
	</Window>

	<Window Name="OptionMenu" Template="Window">
		<GuiElement Template="Header" />
		<GuiElement Type="OpenWindow" Text="Sound" Window="SoundMenu" Template="LeftPosX" />
		<GuiElement Type="OpenWindow" Text="Graphic" Window="GraphicMenu" Template="LeftPosX" />
		<GuiElement Type="OpenWindow" Text="Controls" Window="ControlsMenu" Template="LeftPosX"  />
		<GuiElement Template="Legend2" />
	</Window>

	<Template Name="CheckBoxTemplate" Type="CheckBox" BGChecked="CheckBoxChecked" BGUnchecked="CheckBoxUnchecked" Template="LeftPosX" />

	<Window Name="GraphicMenu" Template="Window">
		<GuiElement Template="Header" />
		<GuiElement Template="CheckBoxTemplate" Option="ShowBlood" Text="Options/ShowBlood" />
		<GuiElement Template="CheckBoxTemplate" Option="Subtitles" Text="Options/Subtitles" />	
		<GuiElement Template="CheckBoxTemplate" Option="PipCam" Text="Options/PipCam" />
	
		<Platform PS2="True">	
			<GuiElement Type="OpenWindow" Window="AdjustScreenMenu" Text="Options/AdjustScreen" Template="LeftPosX"/>
		</Platform>
		
		<Platform PC="True">
			<GuiElement Type="OpenWindow" Window="RenderOptionMenu" Text="Headers/RenderOptionMenu" Template="LeftPosX"/>		
		</Platform>
		<GuiElement Template="Legend4"/>
	</Window>

	<Template Name="RenderSlider" Template="RightPosX" SliderOffset="11" />
	
	<Window Name="RenderOptionMenu" Template="Window">
		<GuiElement Template="Header"/>	
		<GuiElement Type="SliderText" Option="GfxRenderQuality" Text="Options/RenderQuality" Template="RenderSlider" LowerBound="0" UpperBound="4" Step="1" SliderSize="50" ButtonGraphic="SliderGraphic">
			<ToggleTextItem Text="Options/Low" />
			<ToggleTextItem Text="Options/Medium" />
			<ToggleTextItem Text="Options/High" />
			<ToggleTextItem Text="Options/UltraHigh" />
			<ToggleTextItem Text="Options/Custom" />
		</GuiElement>
		<GuiElement Type="SliderText" Option="ShadowDetail" Text="Options/PC/DropShadows" Template="RenderSlider" LowerBound="0" UpperBound="2" Step="1" SliderSize="50" ButtonGraphic="SliderGraphic" >
			<ToggleTextItem Text="Options/PC/None" />
			<ToggleTextItem Text="Options/PC/Hero" />
			<ToggleTextItem Text="Options/PC/AllCharacters" />
		</GuiElement>
		<GuiElement Template="CheckBoxTemplate" Option="SelfShadows" Text="Options/PC/SelfShadowing" />
		<GuiElement Type="HM3ToggleOption" Option="BlurShadows" Text="Options/PC/DropShadowQuality" Template="ToggleOption" >
			<ToggleTextItem Text="Options/PC/Soft" />
			<ToggleTextItem Text="Options/PC/Hard" />
		</GuiElement> 
<!--	
		<GuiElement Template="CheckBoxTemplate" Option="GfxPostFilter" Text="Options/PC/PostFilters" />
		<GuiElement Template="CheckBoxTemplate" Option="GfxPostFilterDepthBlur" Text="Options/PC/PostFilterDepthBlur" />
-->		
		<GuiElement Type="SliderText" Option="PostFilterLOD" Text="Options/PC/PostFilters" Template="RenderSlider" LowerBound="0" UpperBound="2" Step="1" SliderSize="50" ButtonGraphic="SliderGraphic" >
			<ToggleTextItem Text="Options/PC/Disabled" />
			<ToggleTextItem Text="Options/PC/Low" />
			<ToggleTextItem Text="Options/PC/HighPostFilters" />
		</GuiElement>
		<GuiElement Type="SliderText" Option="LevelOfDetail" Text="Options/PC/LevelOfDetail" Template="RenderSlider" LowerBound="0" UpperBound="2" Step="1" SliderSize="50" ButtonGraphic="SliderGraphic" >
			<ToggleTextItem Text="Options/PC/Low" />
			<ToggleTextItem Text="Options/PC/Medium" />
			<ToggleTextItem Text="Options/PC/High" />
		</GuiElement>
		<GuiElement Type="Slider" Option="GammaValue" Text="Options/PC/Gamma" Template="RenderSlider" LowerBound="5" UpperBound="15" Step="1" SliderSize="50" ButtonGraphic="SliderGraphic" DisplayAsFloat="True" FloatMultiplier="0.1" />
		<GuiElement Type="SliderText" Option="Anisotropy" Text="Options/PC/AnisotropyFiltering" Template="RenderSlider" LowerBound="0" UpperBound="4" Step="1" SliderSize="50" ButtonGraphic="SliderGraphic" UseOptionText="True" />
		<GuiElement Type="SliderText" Option="TextureResolution" Text="Options/PC/TextureResolution" Template="RenderSlider" LowerBound="0" UpperBound="3" Step="1" SliderSize="50" ButtonGraphic="SliderGraphic" >
			<ToggleTextItem Text="Options/PC/Low" />
			<ToggleTextItem Text="Options/PC/Medium" />
			<ToggleTextItem Text="Options/PC/High" />
			<ToggleTextItem Text="Options/PC/Max" />
		</GuiElement>
		<GuiElement Template="CheckBoxTemplate" Option="EnableVSync" Text="Options/PC/VSync" />
		<GuiElement Type="SliderText" Option="Antialias" Text="Options/PC/Antialiasing" Template="RenderSlider" LowerBound="0" UpperBound="3" Step="1" SliderSize="50" ButtonGraphic="SliderGraphic" UseOptionText="True" />
		<GuiElement Type="SliderText" Option="Resolution" Text="Options/PC/ScreenResolution" Template="RenderSlider" Step="1" SliderSize="50" ButtonGraphic="SliderGraphic" UseOptionText="True" />
		<GuiElement Type="ResetRenderDefault" Text="Options/PC/ResetToDefault" Template="LeftPosX"/>
		<Navigation Navigation="Horizontal">
			<GuiElement Type="CloseWindowOptions" SaveOptions="True" Text="Buttons/Accept" SaveToMainIni="True" Font="Menu" Template="BottomLeftPos" />	
			<GuiElement Type="CloseWindow" Cancel="True" Text="Buttons/Cancel2" Template="BottomRightPos" />
		</Navigation>	
	</Window>	
	
	<Window Name="ControlsMenu" Template="Window">
		<GuiElement Template="Header" />
		<GuiElement Type="HM3ToggleOption" Option="InvertVertical" Text="Options/InvertVertical" Template="ToggleOption"  >
			<ToggleTextItem Text="Options/No" />
			<ToggleTextItem Text="Options/Yes" />			
		</GuiElement>
		
		<GuiElement Type="HM3ToggleOption" Option="AutoCrouchWhenTighteningFiberWire" Text="Options/AutoCrouchWhenTighteningFiberWire" Template="ToggleOption"  >
			<ToggleTextItem Text="Options/No" />
			<ToggleTextItem Text="Options/Yes" />			
		</GuiElement>
		
		<Platform XBOX="True" XENON="True" PS2="True">
			<!--		
			<GuiElement Type="ToggleTextSimple" Option="Invert" Text="Options/SwitchStick" Template="LeftPosX" >
				<ToggleTextItem Text="Options/Yes" />
				<ToggleTextItem Text="Options/No" />
			</GuiElement> -->
			<GuiElement Type="HM3ToggleOption" Option="Vibration" Text="Options/Vibration" Template="ToggleOption"  >
				<ToggleTextItem Text="Options/No" />
				<ToggleTextItem Text="Options/Yes" />
			</GuiElement>
			<GuiElement Type="HM3ToggleOption" Option="AutoAim" Text="Options/Autoaim" Template="ToggleOption"  >
				<ToggleTextItem Text="Options/No" />			
				<ToggleTextItem Text="Options/Yes" />
			</GuiElement>
			<GuiElement Type="OpenWindow" Window="ControllerLayoutMenu" Text="Options/ControllerLayout" Template="LeftPosX"  />
		</Platform>
		<Platform PC="True">	
			<GuiElement Option="MouseSensitivity" Text="Options/MouseSensitivity" Template="Slider" LowerBound="1" UpperBound="10" Step="1" SliderSize="100" ButtonGraphic="SliderGraphic" Type="Slider"  />
		</Platform>
		<Platform PS2="True" XBOX="True" XENON="True">	
			<GuiElement Option="MouseSensitivity" Text="Options/TurnSpeed" Template="Slider" LowerBound="1" UpperBound="10" Step="1" SliderSize="100" ButtonGraphic="SliderGraphic" Type="Slider"  />
		</Platform>
		<Platform PC="True">
			<GuiElement Type="OpenWindow" Text="Options/ButtonConfiguration" Window="ButtonConfiguration" Template="LeftPosX"  />			
		</Platform>		
		<Platform PS2="True" XBOX="True" XENON="True">		
			<GuiElement Template="Legend4" />
		</Platform>		
		<Platform PC="True">		
			<Navigation Navigation="Horizontal">
				<GuiElement Type="CloseWindowOptions" SaveOptions="True" Text="Buttons/Accept" Font="Menu" Template="BottomLeftPos" />	
				<GuiElement Type="CloseWindowOptions" SaveOptions="True" Cancel="True" Text="Buttons/Cancel2" Template="BottomRightPos" />
			</Navigation>	
		</Platform>		

	</Window>

	<Window Name="AdjustScreenMenu" Template="Window">
		<GuiElement Template="Header" />
		<GuiElement Type="AdjustScreen" Y="200" Template="RightPosX" Text="Options/AdjustScreenHelpText" Speed="2" Width="250"  />
		<GuiElement Type="TextBlock" Text="Buttons/Discard2" Template="BottomLeftPos" />	
		<Navigation Navigation="Horizontal">
			<GuiElement Type="CloseWindow" Text="Buttons/Accept" Font="Menu" Template="BottomRightPos" Link="False" ActivateButton="ZW_SELECT4" ReceiveAllInput="True" />
			<GuiElement Type="ResetScreenOffset" Text="Buttons/Default2" Font="Menu" Link="False" ActivateButton="ZW_SELECT2" ReceiveAllInput="True" />
		</Navigation>
	</Window>

	<Platform PC="True">
		<Window Name="ButtonConfiguration" Template="Window">
			<GuiElement Template="Header" />
			<GuiElement Type="GUIList" ButtonGraphicUp="KbdButtonGraphicUp" ButtonGraphicDown="KbdButtonGraphicDown" Interface="ButtonConfigurationList" Window="ButtonConfigurationDialog" >
				<ItemLine SizeY="22">
					<GuiElement Type="TextBlock" Y="0" Template="LeftPosX" />	
					<GuiElement Type="TextBlock" Y="0" Template="RightPosX" />
				</ItemLine>
			</GuiElement>				
			<GuiElement Template="ButtonConfigurationLegend" />
		</Window>

		<Window Name="ButtonConfigurationDialog" Template="ButtonDialog" >
			<GuiElement Type="TextBlock" Text="Options/PressNewButton" Font="Menu" Y="100" Alignment="Center" />
			<GuiElement Type="NewButton" />
		</Window>	
	</Platform>
	
	<!-- *********************************************************************************************************************** -->
	<!-- Controller layout -->
	<!-- *********************************************************************************************************************** -->

	<Platform XBOX="True" XENON="True">	
		<Template Name="TControllerWindow" Background="Controls" X="0" Y="0" W="640" H="480" AlignV="Center" AlignH="Center" AlignMode="Border" LineSpace="3" />
	</Platform>

	<Platform PS2="True">	
		<Template Name="TControllerWindow" Background="Controls" X="0" Y="0" W="512" H="448" AlignV="Center" AlignH="Center" AlignMode="Border" LineSpace="3" />
	</Platform>

	<!-- XBOX -->
	<Template Name="ControllerLegendXBOX">
		<GuiElement Type="TextBlock" Text="Buttons/Back2" Font="Menu" X="50" Y="430" />
		<!-- [select][discard changes] not needed for demo 
		<Navigation Navigation="Horizontal">
			<GuiElement Type="TextBlock" Text="Buttons/Select" Font="Menu" X="420" Y="400" />
			<GuiElement Type="Cancel" Text="Buttons/DiscardChanges" Link="False" ActivateButton="ZW_SELECT4" ReceiveAllInput="True" />
		</Navigation>
		-->
	</Template>

	<!-- PS2 -->
	<Template Name="ControllerLegendPS2">
		<GuiElement Type="TextBlock" Text="Buttons/Back2" Font="Menu" X="50" Y="400" />
		<!-- [select][discard changes] not needed for demo 
		<Navigation Navigation="Horizontal">
			<GuiElement Type="TextBlock" Text="Buttons/Select" Font="Menu" X="420" Y="400" />
			<GuiElement Type="Cancel" Text="Buttons/DiscardChanges" Link="False" ActivateButton="ZW_SELECT4" ReceiveAllInput="True" />
		</Navigation>
		-->
	</Template>

	<Window Name="ControllerLayoutMenu" Template="TControllerWindow" >
		<Platform XBOX="True" XENON="True">	
			<GuiElement Template="ControllerLegendXBOX" />
		</Platform>
		<Platform PS2="True">	
			<GuiElement Template="ControllerLegendPS2" />
		</Platform>
	</Window>

	<!-- ************************************************************************************************************************ -->
	<!-- Windows -->
	<!-- ************************************************************************************************************************ -->
	<!-- Legal Screen -->
	<Platform PC="True">
		<Window Name="LegalScreenMenu" Template="Window" PopOnBack="False">
			<GuiElement Template="TopPos" />
			<GuiElement Type="TextBlock" Text="Frontend/Copyright" X="312" Y="340" Width="400" LineSpace="-4"/>	
			<BuildTag Default="True">
				<GuiElement Type="OpenWindowTimer" Window="ProfileMenu" Template="BottomLeftPos" />
			</BuildTag>
			<BuildTag Demo="True">
				<GuiElement Type="OpenWindowTimer" Window="MainMenu" Template="BottomLeftPos" />
			</BuildTag>
			<GuiElement Template="Legend3" />		
			<GuiElement Type="BuildID" X="20" Y="20" />			
			<GuiElement Type="BackgroundCameraClear" />
		</Window>
	</Platform>
	<Platform XBOX="True" XENON="True">
		<Window Name="LegalScreenMenu" Template="Window" PopOnBack="False">
			<GuiElement Type="TextBlock" Text="Frontend/Copyright" X="120" Y="200" Width="400" LineSpace="-4"/>	
			<GuiElement Type="OpenWindowTimer" Window="PressStartMenu" Template="BottomLeftPos" Link="False" ActivateButton="ZW_SELECT" ReceiveAllInput="True" />		
			<GuiElement Type="BuildID" X="20" Y="20" />
			<GuiElement Type="BackgroundCameraClear" />						
		</Window>
	</Platform>

	<Platform PS2="True">
		<Window Name="LegalScreenMenu" Template="Window" PopOnBack="False">
			<GuiElement Type="TextBlock" Text="Frontend/Copyright" X="81" Width="370" Y="180" LineSpace="-4"/>	
			<GuiElement Type="OpenWindowTimer" Window="PressStartMenu" Template="BottomLeftPos" Link="False" ActivateButton="ZW_SELECT" ReceiveAllInput="True" />
			<GuiElement Type="BuildID" X="20" Y="20" />
			<GuiElement Type="BackgroundCameraClear" />			
		</Window>
	</Platform>

	<!-- Press Start -->
	<Platform PS2="True">
		<Window Name="PressStartMenu" Background="HitmanBackground" Template="Window" PopOnBack="False">
			<GuiElement Template="Top" />
			<MainIniOption Name="DebugMenus" Value="0">
				<GuiElement Type="PressStart" Text="Frontend/PressStart" Window="ProfileMenu" Template="BottomLeftPos" ActivateButton="Start" MainMenu="MainMenu" />	
			</MainIniOption>					
			<MainIniOption Name="DebugMenus" Value="1">
				<GuiElement Type="PressStart" Text="Frontend/PressStart" Window="ProfileMenu" Template="BottomLeftPos" ActivateButton="Start" MainMenu="MainMenu" Link="False" ReceiveAllInput="True" />	
				<GuiElement Type="OpenWindow" Text="JumpToMain (debug)" Window="MainMenu" Template="BottomRightPos" />
			</MainIniOption>
			<GuiElement Type="BuildID" X="20" Y="20" />			
			<GuiElement Type="BackgroundCameraClear" />				
		</Window>
	</Platform>
	
	<Platform XBOX="True" XENON="True">
		<Window Name="PressStartMenu" Background="HitmanBackground" Template="Window" PopOnBack="False">
			<GuiElement Type="PressStart" Text="Frontend/PressStart" Window="ProfileMenu" Y="324" Template="LeftPosX" Link="False" ReceiveAllInput="True" HDLowSpaceMenu="HDLowSpaceMenu" MainMenu="MainMenu" />
			<MainIniOption Name="DebugMenus" Value="1">
				<GuiElement Type="OpenDebugMainMenu" Text="JumpToMain (debug)" Window="MainMenu" Template="RightPosX" Y="324" />
			</MainIniOption>
			<GuiElement Type="BuildID" X="20" Y="20" />
			<GuiElement Type="BackgroundCameraClear" />
		</Window>
	</Platform>
	
	<!-- Profile Menu -->
	<!-- ColorSetDefinition Name="Profile" NormalColor="0xffc1ab72" FocusColor="0xffc1ab72" / -->
	<ColorSetDefinition Name="Profile" NormalColor="0xffffffff" FocusColor="0xffffffff" />	
	<Platform PS2="True">
		<Template Name="SaveLoadWindow" Background="HitmanBackgroundFaded" X="0" Y="0" W="512" H="448" AlignV="Center" AlignH="Center" AlignMode="Border" LineSpace="3" />
		<Template Name="SaveLoadDialog" X="0" Y="0" W="350" H="250" AlignV="Center" AlignH="Center" AlignMode="Border" LineSpace="3" Dialog="True" Background="SaveLoadDialog" Frame="True"/>	
		<Template Name="UrbanChaosDialog" X="0" Y="0" W="350" H="280" AlignV="Center" AlignH="Center" AlignMode="Border" LineSpace="3" Dialog="True" Background="SaveLoadDialog" Frame="True"/>	
		<Template Name="SaveLoadBackground" Type="Frame" Frame="SaveLoadBackground" W="360" H="243" X="76" Y="60" />
		<Template Name="SaveLoadLeftPos" X="90" />
		<Template Name="SaveLoadTop">
			<!-- GuiElement Type="Graphic" Name="Dots*" Y="35" X="256" / -->			
			<GuiElement Type="ProfileName" Font="Menu" X="430" Y="50" Alignment="Right" />
			<GuiElement Type="TextBlock" Text="" Y="80" />
		</Template>
		<Template Name="SaveLoadTopLeftPos" Template="SaveLoadLeftPos" Y="110" />
		<Template Name="SaveLoadButton" Template="SaveLoadLeftPos" ColorSet="Profile" />
		<Template Name="SaveLoadButtonTop" Template="SaveLoadTopLeftPos" Y="110" ColorSet="Profile" />
		<Template Name="SaveLoadDialogLeftPos" X="10" />
		<Template Name="SaveLoadDialogTopLeftPos" Template="SaveLoadDialogLeftPos" Y="50" Width="350" />
		<Template Name="SaveLoadHeader" Type="Header" X="80" Y="50" Font="Header" />
		<Template Name="SaveLoadSubHeader" X="98" Y="77" />
		<Template Name="SaveLoadProfileList" Template="SaveLoadButtonTop" />		
		<Template Name="SaveLoadDialogLegend">
			<GuiElement Type="TextBlock" Text="Buttons/Select2" Font="Menu" Y="243" X="10" />
		</Template>
		<Template Name="UrbanChaosLegend">
			<GuiElement Type="TextBlock" Text="Buttons/Select2" Font="Menu" Y="273" X="10" />
		</Template>
		<Template Name="SaveLoadLegend">
			<GuiElement Type="TextBlock" Text="Buttons/Select2" Font="Menu" Y="362" X="90" />
		</Template>
		<Template Name="SaveLoadLegend2">
			<GuiElement Type="TextBlock" Text="Buttons/Select2" Font="Menu" Y="362" X="90" />
			<GuiElement Type="TextBlock" Text="Buttons/Back" Font="Menu" Y="362" Alignment="Right" X="422" />
		</Template>
	</Platform>
	<Platform PC="True">
		<Template Name="SaveLoadWindow" Background="HitmanBackgroundFaded" X="0" Y="0" W="1024" H="768" AlignV="Center" AlignH="Center" AlignMode="Border" LineSpace="3" />
		<Template Name="SaveLoadDialog" X="0" Y="0" W="350" H="200" AlignV="Center" AlignH="Center" AlignMode="Border" LineSpace="3" Dialog="True" Background="SaveLoadDialog" Frame="True"/>	
		<Template Name="SaveLoadBackground" Type="Frame" Frame="SaveLoadBackground" W="560" H="480" X="232" Y="150" />
		<Template Name="SaveLoadLeftPos" X="246" />
		<Template Name="SaveLoadTop">
			<!-- GuiElement Type="Graphic" Name="Dots*" X="512" Y="65" / -->
			<GuiElement Type="ProfileName" Font="Menu" X="776" Y="131" Alignment="Right" />
			<GuiElement Type="TextBlock" Text="" Y="186" />
		</Template>
		<Template Name="SaveLoadTopLeftPos" Template="SaveLoadLeftPos" Y="200" />
		<Template Name="SaveLoadButton" Template="SaveLoadLeftPos" ColorSet="Profile" />
		<Template Name="SaveLoadButtonTop" Template="SaveLoadTopLeftPos" Y="200" ColorSet="Profile" />
		<Template Name="SaveLoadDialogLeftPos" X="10" Y="192" />
		<Template Name="SaveLoadDialogTopLeftPos" Template="SaveLoadDialogLeftPos" Y="50" Width="290" />
		<Template Name="SaveLoadHeader" Type="Header" X="240" Y="131" Font="Header" />
		<Template Name="SaveLoadSubHeader" X="256" Y="167" />
		<Template Name="SaveLoadProfileList" Template="SaveLoadButtonTop" ArrowsPosX="460" ArrowsPosY="130" ButtonGraphicUp="ButtonGraphicUp" ButtonGraphicDown="ButtonGraphicDown" PlaceArrowsButtonRight="True" />	
		<Template Name="SaveLoadDialogLegend">
		</Template>
		<Template Name="SaveLoadLegend2">
			<GuiElement Type="CloseWindow" Text="Buttons/Back" Font="Menu" X="240" Y="623" />	
		</Template>
	</Platform>
	<Platform XBOX="True" XENON="True">
		<Template Name="SaveLoadWindow" Background="HitmanBackgroundFaded" X="0" Y="0" W="640" H="448" AlignV="Center" AlignH="Center" AlignMode="Border" LineSpace="3" />
		<Template Name="SaveLoadDialog" X="0" Y="0" W="350" H="200" AlignV="Center" AlignH="Center" AlignMode="Border" LineSpace="3" Dialog="True" Background="SaveLoadDialog" Frame="True"/>
		<Template Name="SaveLoadBackground" Type="Frame" Frame="SaveLoadBackground" W="488" H="243" X="76" Y="60" />
		<Template Name="SaveLoadLeftPos" X="90" />
		<Template Name="SaveLoadTop">
			<!-- GuiElement Type="Graphic" Name="Dots*" Y="35" X="320" / -->			
			<!-- GuiElement Type="ProfileName" Font="Menu" X="550" Y="50" Alignment="Right" / -->
			<GuiElement Type="HDStatus" Font="Menu" X="90" Y="297" Width="500"/>
			<GuiElement Type="TextBlock" Text="" Y="80" />
		</Template>
		<Template Name="SaveLoadTopLeftPos" Template="SaveLoadLeftPos" Y="110" />
		<Template Name="SaveLoadButton" Template="SaveLoadLeftPos" ColorSet="Profile" />
		<Template Name="SaveLoadButtonTop" Template="SaveLoadTopLeftPos" Y="110" ColorSet="Profile" />
		<Template Name="SaveLoadDialogLeftPos" X="10" />
		<Template Name="SaveLoadDialogTopLeftPos" Template="SaveLoadDialogLeftPos" Y="50" Width="300" />
		<Template Name="SaveLoadHeader" Type="Header" X="80" Y="50" Font="Header" />
		<Template Name="SaveLoadSubHeader" X="98" Y="77" />
		<Template Name="SaveLoadProfileList" X="105" Template="SaveLoadButtonTop" ArrowsPosX="-5" ArrowsPosY="-11" ButtonGraphicUp="ButtonGraphicUp" ButtonGraphicDown="ButtonGraphicDown" PlaceArrowsButtonRight="True" UseDoubleArrowPos="True" ArrowsPos2X="-5" ArrowsPos2Y="86" />
		<Template Name="SaveLoadDialogLegend">
			<GuiElement Type="TextBlock" Text="Buttons/Select2" Font="Menu" Y="193" X="10" />
		</Template>
		<Template Name="SaveLoadLegend">
			<GuiElement Type="TextBlock" Text="Buttons/Select2" Font="Menu" Y="390" X="90" />
		</Template>
		<Template Name="SaveLoadLegend2">
			<GuiElement Type="TextBlock" Text="Buttons/Select2" Font="Menu" Y="390" X="90" />
			<GuiElement Type="TextBlock" Text="Buttons/Back" Font="Menu" Y="390" Alignment="Right" X="550" />
		</Template>
	</Platform>
	
	<Platform XBOX="True" XENON="True">
		<Window Name="HDLowSpaceMenu" Template="SaveLoadDialog" PopOnBack="False">
			<GuiElement Type="MissingSpaceGameSizeTextBlock" Text="XboxSaveLoad/HDLowSpace" Template="SaveLoadDialogTopLeftPos" />
			<GuiElement Type="OpenWindow" Text="Buttons/Continue2" Font="Menu" Y="193" X="10" Window="ProfileMenu" ReceiveAllInput="True" ActivateButton="ZW_SELECT" TakeFocus="False" />
			<GuiElement Type="LaunchDashBoard" ReceiveAllInput="True" ActivateButton="ZW_SELECT3" Text="Buttons/Freeblocks" Font="Menu" Y="193" X="340" Alignment="Right" TakeFocus="False" />			
		</Window>
	</Platform>
	
	<Window Name="RequiresProfileMenu" Template="SaveLoadDialog" PopOnBack="False">
		<GuiElement Type="TextBlock" Text="Dialog/RequiresProfile" Template="SaveLoadDialogTopLeftPos" />
		<GuiElement Type="CloseWindow" Text="Ok" Template="SaveLoadDialogLeftPos" />
		<GuiElement Template="SaveLoadDialogLegend" />
	</Window>

	<Platform XBOX="True" >
		<Template Name="TemplateOnlineTEST"	X="0" Y="0"	W="640" H="480" LineSpace="3" Navigation="Vertical" AlignV="Center" AlignH="Center" AlignMode="Border" />
		<Template Name="TemplateWindow"	X="0"	Y="0"	W="640" H="480" LineSpace="3" Navigation="Vertical" AlignV="Center" AlignH="Center" AlignMode="Border"/>
		<Template Name="_TOnlineStatus" X="558" Y="51" Alignment="Right" Type="AutoOnlineLogin" Name="AutoLoginElementStatus" Font="Menu"/>
	</Platform>	
	
	<Window Name="ProfileMenu" Template="SaveLoadWindow" PopOnBack="False">
		<GuiElement Template="SaveLoadBackground" />
		<GuiElement Template="SaveLoadHeader" Text="Headers/ProfileManager" />
		<GuiElement Template="SaveLoadTop" />
		<GuiElement Template="_TOnlineStatus" />
		<GuiElement Type="TextBlock" Text="ProfileManagerHelp" Template="SaveLoadSubHeader" />
		<GuiElement Type="OpenWindow" Text="New" Window="EnterProfileNameMenu" Template="SaveLoadButtonTop" />
		<GuiElement Type="OpenWindow" Text="Load" Window="LoadEnumerateProfilesMenu" Template="SaveLoadButton" />
		<GuiElement Type="OpenWindow" Text="Delete_UpperCase" Window="DeleteEnumerateProfilesMenu" Template="SaveLoadButton" />
		<GuiElement Type="EnterGame" Text="Headers/MainMenu" Window="MainMenu" RequiresProfileMenu="RequiresProfileMenu" Template="SaveLoadButton" ResetStack="True" />		
		<MainIniOption Name="DebugMenus" Value="1">	
			<GuiElement Type="OpenWindow" Text="%MAIN MENU (debug)" Window="MainMenu" Template="SaveLoadButton" ResetStack="True" />				
		</MainIniOption>	
		<Platform PC="True">
			<GuiElement Type="OpenWindow" Text="ExitGame" Window="QuitGameMenu" Template="SaveLoadButton" />
		</Platform>
		<Platform PS2="True" XBOX="True" XENON="True">
			<GuiElement Template="SaveLoadLegend" />
		</Platform>
	</Window>
	
	<!-- Load Enumerate Profiles -->
	<Window Name="LoadEnumerateProfilesMenu" Template="SaveLoadDialog" PopOnBack="False">
		<Platform PC="True">	
			<GuiElement Type="EnumerateProfiles" Window="LoadSelectProfileMenu" Template="TopRightPos" CheckMessage="SaveLoad/LookingForProfiles" 
				NoSaveDataMenu="NoSaveDataMenu" 
				LoadErrorMenu="LoadErrorMenu" />
		</Platform>
		<Platform XBOX="True" XENON="True">
			<GuiElement Type="EnumerateProfiles" Window="LoadSelectProfileMenu" Template="SaveLoadDialogTopLeftPos" CheckMessage="SaveLoad/EnumerateProfiles" 
				NoSaveDataMenu="NoSaveDataMenu"	
				LoadErrorMenu="LoadErrorMenu" />
		</Platform>
		<Platform PS2="True">
			<GuiElement Type="EnumerateProfiles" Window="LoadSelectProfileMenu" Template="SaveLoadDialogTopLeftPos" CheckMessage="MemoryCard/21" 
				MCNotAvailableMenu="LoadMCNotAvailableMenu"
				MCUnformattedMenu="LoadMCUnformattedMenu"
				NoSaveDataMenu="NoSaveDataMenu"	
				LoadErrorMenu="LoadCheckErrorMenu" />
		</Platform>
	</Window>

	<!-- Delete Enumerate Profiles -->
	<Window Name="DeleteEnumerateProfilesMenu" Template="SaveLoadDialog" PopOnBack="False">
		<Platform PC="True">
			<GuiElement Type="EnumerateProfiles" Window="DeleteSelectProfileMenu" Template="LeftPosX" CheckMessage="SaveLoad/LookingForProfiles"
				NoSaveDataMenu="NoSaveDataMenu"	
				LoadErrorMenu="DeleteLoadErrorMenu" />			
		</Platform>
		<Platform XBOX="True" XENON="True">
			<GuiElement Type="EnumerateProfiles" Window="DeleteSelectProfileMenu" Template="SaveLoadDialogTopLeftPos" CheckMessage="SaveLoad/EnumerateProfiles"
				NoSaveDataMenu="NoSaveDataMenu"
				LoadErrorMenu="DeleteLoadErrorMenu" />			
		</Platform>
		<Platform PS2="True">
			<GuiElement Type="EnumerateProfiles" Window="DeleteSelectProfileMenu" Template="SaveLoadDialogTopLeftPos" CheckMessage="MemoryCard/21"
				MCNotAvailableMenu="DeleteMCNotAvailableMenu"
				MCUnformattedMenu="DeleteMCUnformattedMenu"
				NoSaveDataMenu="DeleteMCNoSaveDataMenu"
				LoadErrorMenu="DeleteLoadErrorMenu" />			
		</Platform>
	</Window>

	<!-- Load Profile -->
	<Window Name="LoadProfileMenu" Template="SaveLoadDialog" PopOnBack="False">
		<Platform PC="True">
			<GuiElement Type="LoadProfile" Window="MainMenu" Scene="NextScene" Template="SaveLoadDialogTopLeftPos" ActionMessage="SaveLoad/LoadingProfile" CompleteMessage="SaveLoad/LoadSuccessful" 
			LoadErrorMenu="LoadErrorMenu" />
		</Platform>
		<Platform PS2="True">
			<GuiElement Type="LoadProfile" Window="MainMenu" Scene="NextScene" Template="SaveLoadDialogTopLeftPos" ActionMessage="MemoryCard/Loading" CompleteMessage="MemoryCard/19"  
			LoadErrorMenu="LoadErrorMenu" />
		</Platform>
		<Platform XBOX="True" XENON="True">
			<GuiElement Type="LoadProfile" Window="MainMenu" Scene="NextScene" Template="SaveLoadDialogTopLeftPos" ActionMessage="SaveLoad/LoadingProfile" 
			LoadErrorMenu="LoadErrorMenu"
			CorruptDataMenu="LoadCorruptProfileMenu" />
		</Platform>
	</Window>

	<ColorSetDefinition Name="ProfileCorrupt" NormalColor="0xffaf1013" FocusColor="0xffaf1013" />
	
	<!-- Load Select Profile -->
	<Window Name="LoadSelectProfileMenu" Template="SaveLoadWindow">
		<GuiElement Template="SaveLoadBackground" />
		<GuiElement Template="SaveLoadHeader" Text="Headers/ProfileManager" />
		<GuiElement Type="TextBlock" Text="Headers/LoadProfileMenu" Template="SaveLoadSubHeader" />		
		<GuiElement Template="SaveLoadTop" />
		<GuiElement Type="GUIList" NumVisibleButtons="6" Interface="ProfileList" Template="SaveLoadProfileList" Window="LoadProfileMenu" />
		<Platform XBOX="True" XENON="True">
			<GuiElement Type="ShowVar" Text="CorruptWarning" Template="SaveLoadLeftPos" Y="240" />
		</Platform>
		<Platform PS2="True">
			<GuiElement Type="OnMCChange" OnRemoval="True" Window="LoadMCNotAvailableMenu" PushOnStack="True" RecheckMenu="LoadEnumerateProfilesMenu" />
		</Platform>
		<GuiElement Template="SaveLoadLegend2" />
	</Window>
	
	<!-- Delete Select Profile -->
	<Window Name="DeleteSelectProfileMenu" Template="SaveLoadWindow">
		<GuiElement Template="SaveLoadBackground" />
		<GuiElement Template="SaveLoadHeader" Text="Headers/ProfileManager" />
		<GuiElement Type="TextBlock" Text="Headers/DeleteProfileMenu" Template="SaveLoadSubHeader" />			
		<GuiElement Template="SaveLoadTop" />		
		<GuiElement Type="GUIList" NumVisibleButtons="6" Interface="ProfileList" Template="SaveLoadProfileList" Window="DeleteConfirmationMenu"  />
		<Platform XBOX="True" XENON="True">
			<GuiElement Type="ShowVar" Text="CorruptWarning" Template="SaveLoadLeftPos" Y="240" />
		</Platform>
		<Platform PS2="True">
			<GuiElement Type="OnMCChange" OnRemoval="True" Window="DeleteMCNotAvailableMenu" PushOnStack="True" RecheckMenu="DeleteEnumerateProfilesMenu" />
		</Platform>
		<GuiElement Template="SaveLoadLegend2" />
	</Window>

	<!-- New Profile -->
	<!-- This works closely with SaveNewProfileMenu -->
	<Window Name="CreateNewProfileCheckMenu" Template="SaveLoadDialog" PopOnBack="False">
		<Platform PC="True">
			<GuiElement Type="NewProfileCheck" Window="SaveNewProfileMenu" Template="SaveLoadDialogTopLeftPos" CheckMessage="Checking" 
				ProfileExistsMenu="ProfileExistsMenu"
				NoAvailableProfilesMenu="NoAvailableProfilesMenu" />	
		</Platform>
		<Platform XBOX="True" XENON="True">
			<GuiElement Type="NewProfileCheck" Window="SaveNewProfileMenu" Template="SaveLoadDialogTopLeftPos" CheckMessage="XboxSaveLoad/CheckingHD" 
				ProfileExistsMenu="ProfileExistsMenu"
				NoAvailableProfilesMenu="NoAvailableProfilesMenu" 
				MCInsufficientSpaceMenu="InsufficientSpaceMenu" />
		</Platform>
		<Platform PS2="True">
			<GuiElement Type="NewProfileCheck" Window="SaveNewProfileMenu" Template="SaveLoadDialogTopLeftPos" CheckMessage="MemoryCard/21"
				MCUnformattedMenu="MCUnformattedMenu" 
				MCNotAvailableMenu="SaveMCNotAvailableMenu" 
				MCInsufficientSpaceMenu="MCInsufficientSpaceMenu" 
				ProfileExistsMenu="ProfileExistsMenu"
				NoAvailableProfilesMenu="NoAvailableProfilesMenu" />
		</Platform>
	</Window>
	<Window Name="SaveNewProfileMenu" Template="SaveLoadDialog" PopOnBack="False">
		<Platform PC="True">
			<GuiElement Type="SaveProfile" Window="MainMenu" Template="SaveLoadDialogTopLeftPos" ActionMessage="SaveLoad/SavingProfile" CompleteMessage="MemoryCard/14" NewProfile="True"
				SaveErrorMenu="SaveErrorMenu" />
		</Platform>
		<Platform XBOX="True" XENON="True">
			<GuiElement Type="SaveProfile" Window="MainMenu" Template="SaveLoadDialogTopLeftPos" ActionMessage="XboxSaveLoad/SaveProfileWarning" NewProfile="True"
				SaveErrorMenu="SaveErrorMenu" />
		</Platform>
		<Platform PS2="True">
			<GuiElement Type="SaveProfile" Window="MainMenu" Template="SaveLoadDialogTopLeftPos" ActionMessage="MemoryCard/12" CompleteMessage="MemoryCard/14" NewProfile="True"
				SaveErrorMenu="SaveErrorMenu" />
		</Platform>
	</Window>
	
	<!-- Menus related to saving and loading -->
	<Platform PS2="True">
		<!-- Save dialogs for ps2 -->
		<Window Name="MCUnformattedMenu" Template="SaveLoadDialog" PopOnBack="False">
			<GuiElement Type="TextBlock" Text="MemoryCard/04" Template="SaveLoadDialogTopLeftPos" />
			<Navigation Navigation="Horizontal">
				<GuiElement Type="OpenWindow" Text="Yes" Window="MCConfirmFormatMenu" PushOnStack="False" Template="SaveLoadDialogLeftPos" TakeFocus="False" />
				<GuiElement Type="SignOutProfile" Text="No" Window="ProfileMenu" RollBack="True" />
			</Navigation>
			<GuiElement Template="SaveLoadDialogLegend" />
			<GuiElement Type="OnMCChange" OnRemoval="True" Window="SaveMCNotAvailableMenu" PushOnStack="False" Name="MCUnformattedMenu04" RecheckMenu="CreateNewProfileCheckMenu" />
		</Window>
		<Window Name="MCConfirmFormatMenu" Template="SaveLoadDialog" PopOnBack="False">
			<GuiElement Type="TextBlock" Text="MemoryCard/FormatConfirmation" Template="SaveLoadDialogTopLeftPos" />
			<Navigation Navigation="Horizontal">
				<GuiElement Type="OpenWindow" Text="Yes" Window="MCFormatMenu" Template="SaveLoadDialogLeftPos" TakeFocus="False" />			
				<GuiElement Type="OpenWindow" Text="No" Window="MCUnformattedMenu" PushOnStack="False" />						
			</Navigation>
			<GuiElement Template="SaveLoadDialogLegend" />
			<GuiElement Type="OnMCChange" OnRemoval="True" Window="SaveMCNotAvailableMenu" PushOnStack="False" RecheckMenu="CreateNewProfileCheckMenu" />
		</Window>
		<Window Name="SaveMCNotAvailableMenu" Template="SaveLoadDialog" PopOnBack="False">
			<GuiElement Type="SaveGameSizeTextBlock" Text="MemoryCard/NoMCFrontendSave" Template="SaveLoadDialogTopLeftPos" />
			<Navigation Navigation="Horizontal">
				<GuiElement Type="ForceDeviceCheck" Text="Yes" Template="SaveLoadDialogLeftPos" Window="CreateNewProfileCheckMenu" />
				<GuiElement Type="OpenWindow" Text="No" Window="MainMenu" />
			</Navigation>				
			<GuiElement Template="SaveLoadDialogLegend" />			
			<!-- GuiElement Type="OnMCChange" OnRemoval="False" Window="CreateNewProfileCheckMenu" / -->
		</Window>
		<Window Name="MCInsufficientSpaceMenu" Template="SaveLoadDialog" PopOnBack="False">
			<GuiElement Type="SaveGameSizeTextBlock" Text="MemoryCard/05" Template="SaveLoadDialogTopLeftPos" />
			<Navigation Navigation="Horizontal">
				<GuiElement Type="ForceDeviceCheck" Text="Yes" Template="SaveLoadDialogLeftPos" Window="CreateNewProfileCheckMenu" />
				<GuiElement Type="OpenWindow" Text="No" Window="MainMenu" />
			</Navigation>				
			<GuiElement Template="SaveLoadDialogLegend" />			
			<GuiElement Type="OnMCChange" OnRemoval="True" Window="SaveMCNotAvailableMenu" PushOnStack="False" />
		</Window>
		<Window Name="MCFormatMenu" Template="SaveLoadDialog" PopOnBack="False">
			<GuiElement Type="FormatMC" FormatSuccessMenu="FormatSuccessMenu" FormatFailureMenu="FormatFailureMenu" Template="SaveLoadDialogTopLeftPos" 
				ActionMessage="MemoryCard/25" />
		</Window>
		<Window Name="FormatSuccessMenu" Template="SaveLoadDialog" PopOnBack="False">
			<GuiElement Type="TextBlock" Text="MemoryCard/27" Template="SaveLoadDialogTopLeftPos" />
			<GuiElement Type="OpenWindowTimer" Time="2" Window="CreateNewProfileCheckMenu" />
		</Window>
		<Window Name="FormatFailureMenu" Template="SaveLoadDialog" PopOnBack="False">
			<GuiElement Type="TextBlock" Text="MemoryCard/28" Template="SaveLoadDialogTopLeftPos" />
			<Navigation Navigation="Horizontal">
				<GuiElement Type="OpenWindow" Text="Retry" Template="SaveLoadDialogLeftPos" Window="CreateNewProfileCheckMenu" />	
				<GuiElement Type="SignOutProfile" Text="Cancel" Window="ProfileMenu" PushWindow="CreateNewProfileCheckMenu" KeepRollbackWindow="True" RollBack="True" />
			</Navigation>
			<GuiElement Template="SaveLoadDialogLegend" />						
		</Window>
		
		<!-- Load dialogs -->
		<Window Name="LoadMCNotAvailableMenu" Template="SaveLoadDialog" PopOnBack="False">
			<GuiElement Type="TextBlock" Text="MemoryCard/07" Template="SaveLoadDialogTopLeftPos" />
			<GuiElement Type="OpenWindow" Text="Continue" Window="ProfileMenu" RollBack="True" Template="SaveLoadDialogLeftPos" />
			<GuiElement Template="SaveLoadDialogLegend" />
			<GuiElement Type="OnMCChange" OnRemoval="False" Window="LoadEnumerateProfilesMenu" />
		</Window>
		<Window Name="LoadMCUnformattedMenu" Template="SaveLoadDialog" PopOnBack="False">
			<GuiElement Type="TextBlock" Text="MemoryCard/Unformatted" Name="TextBlock" Template="SaveLoadDialogTopLeftPos" />
			<GuiElement Type="OpenWindow" Text="Cancel" Window="ProfileMenu" RollBack="True" Template="SaveLoadDialogLeftPos" />
			<GuiElement Template="SaveLoadDialogLegend" />			
			<GuiElement Type="OnMCChange" OnRemoval="True" Window="LoadMCNotAvailableMenu" PushOnStack="True" />
		</Window>
		<Window Name="LoadCheckErrorMenu" Template="SaveLoadDialog" PopOnBack="False">
			<GuiElement Type="TextBlock" Text="MemoryCard/17" Template="SaveLoadDialogTopLeftPos" />		
			<GuiElement Type="CloseWindow" Text="Continue" Template="SaveLoadDialogLeftPos" Window="ProfileMenu" RollBack="True" />	
			<GuiElement Template="SaveLoadDialogLegend" />
		</Window>
	
		<!-- Delete dialogs -->
		<Window Name="DeleteMCNotAvailableMenu" Template="SaveLoadDialog" PopOnBack="False">
			<GuiElement Type="TextBlock" Text="MemoryCard/07" Template="SaveLoadDialogTopLeftPos"  />
			<GuiElement Type="OpenWindow" Text="Cancel" Window="ProfileMenu" RollBack="True" Template="SaveLoadDialogLeftPos" />
			<GuiElement Template="SaveLoadDialogLegend" />	
			<GuiElement Type="OnMCChange" OnRemoval="False" Window="DeleteEnumerateProfilesMenu" />
		</Window>
		<Window Name="DeleteMCUnformattedMenu" Template="SaveLoadDialog" PopOnBack="False">
			<GuiElement Type="TextBlock" Text="MemoryCard/Unformatted" Template="SaveLoadDialogTopLeftPos" />
			<GuiElement Type="OpenWindow" Text="Cancel" Window="ProfileMenu" RollBack="True" Template="SaveLoadDialogLeftPos" />
			<GuiElement Template="SaveLoadDialogLegend" />			
			<GuiElement Type="OnMCChange" OnRemoval="True" Window="DeleteMCNotAvailableMenu" PushOnStack="True" />
		</Window>
		<Window Name="DeleteMCNoSaveDataMenu" Template="SaveLoadDialog" PopOnBack="False">
			<GuiElement Type="TextBlock" Text="MemoryCard/16" Template="SaveLoadDialogTopLeftPos" />
			<GuiElement Type="OpenWindow" Text="Continue" Window="ProfileMenu" RollBack="True" Template="SaveLoadDialogLeftPos" />
			<GuiElement Template="SaveLoadDialogLegend" />		
			<GuiElement Type="OnMCChange" OnRemoval="True" Window="DeleteMCNotAvailableMenu" />
		</Window>
	</Platform>
	
	<Platform XBOX="True" XENON="True">	
		<Window Name="InsufficientSpaceMenu" Template="SaveLoadDialog" PopOnBack="False">
			<GuiElement Type="TextBlock" Text="XboxSaveLoad/InsufficientBlocks" Template="SaveLoadDialogTopLeftPos" />
			<GuiElement Type="OpenWindow" Text="Continue" RollBack="True" Window="ProfileMenu" Template="SaveLoadDialogLeftPos" /> <!--  -->	
			<GuiElement Template="SaveLoadDialogLegend" />			
		</Window>
		<Window Name="LoadCorruptProfileMenu" Template="SaveLoadDialog" PopOnBack="False">
			<GuiElement Type="ProfileTextBlock" Text="XboxSaveLoad/ProfileDamaged" Template="SaveLoadDialogTopLeftPos" />
			<GuiElement Type="CloseWindow" Text="Continue" Template="SaveLoadDialogLeftPos" Window="ProfileMenu" RollBack="True" />
			<GuiElement Template="SaveLoadDialogLegend" />			
		</Window>
	</Platform>

	<!-- Save dialogs for all platforms -->
	<Window Name="ProfileExistsMenu" Template="SaveLoadDialog" PopOnBack="False">
		<GuiElement Type="ProfileTextBlock" Text="MemoryCard/ProfileExists" Template="SaveLoadDialogTopLeftPos" />
		<GuiElement Type="SignOutProfile" Text="Cancel" Window="ProfileMenu" RollBack="True" Template="SaveLoadDialogLeftPos" />
		<GuiElement Template="SaveLoadDialogLegend" />
		<Platform PS2="True">
			<GuiElement Type="OnMCChange" OnRemoval="True" Window="SaveMCNotAvailableMenu" />
		</Platform>
	</Window>

	<Window Name="SaveErrorMenu" Template="SaveLoadDialog" PopOnBack="False">
		<Platform PC="True">
			<GuiElement Type="TextBlock" Text="SaveLoad/Savefailed" Template="SaveLoadDialogTopLeftPos" />	
		</Platform>
		<Platform XBOX="True" XENON="True">
			<GuiElement Type="ProfileTextBlock" Text="XboxSaveLoad/SaveFailedProfile" Template="SaveLoadDialogTopLeftPos" />	
		</Platform>
		<Platform PS2="True">
			<GuiElement Type="TextBlock" Text="MemoryCard/10" Template="SaveLoadDialogTopLeftPos" />	
		</Platform>
		<Navigation Navigation="Horizontal">
			<GuiElement Type="OpenWindow" Text="Retry" Template="SaveLoadDialogLeftPos" Window="CreateNewProfileCheckMenu" />	
			<GuiElement Type="SignOutProfile" Text="Cancel" Window="ProfileMenu" RollBack="True" />
		</Navigation>
		<GuiElement Template="SaveLoadDialogLegend" />		
	</Window>
	
	<Window Name="NoAvailableProfilesMenu" Template="SaveLoadDialog" PopOnBack="False">
		<Platform PS2="True">
			<GuiElement Type="MaxProfileTextBlock" Text="MemoryCard/NoAvailableProfiles" Template="SaveLoadDialogTopLeftPos" />
		</Platform>
		<Platform XBOX="True" XENON="True" PC="True">
			<GuiElement Type="MaxProfileTextBlock" Text="SaveLoad/NoAvailableProfiles" Template="SaveLoadDialogTopLeftPos" />
		</Platform>
		<GuiElement Type="SignOutProfile" Text="Ok" Template="SaveLoadDialogLeftPos" Window="ProfileMenu" RollBack="True" />
		<GuiElement Template="SaveLoadDialogLegend" />		
	</Window>

	<Window Name="NoSaveDataMenu" Template="SaveLoadDialog" PopOnBack="False">
		<Platform PS2="True">
			<GuiElement Type="TextBlock" Text="MemoryCard/16" Template="SaveLoadDialogTopLeftPos" />
		</Platform>
		<Platform PC="True">
			<GuiElement Type="TextBlock" Text="SaveLoad/NoSaveData" Template="SaveLoadDialogTopLeftPos" />
		</Platform>
		<Platform XBOX="True" XENON="True">
			<GuiElement Type="TextBlock" Text="XboxSaveLoad/NoProfiles" Template="SaveLoadDialogTopLeftPos" />
		</Platform>
		<GuiElement Type="OpenWindow" Text="Continue" Window="ProfileMenu" RollBack="True" Template="SaveLoadDialogLeftPos" />
		<GuiElement Template="SaveLoadDialogLegend" />
		<Platform PS2="True">
			<GuiElement Type="OnMCChange" OnRemoval="True" Window="LoadMCNotAvailableMenu" PushOnStack="True" />
		</Platform>			
	</Window>
	
	<!-- Load dialogs all platforms -->
	<Window Name="LoadErrorMenu" Template="SaveLoadDialog" PopOnBack="False">
		<Platform PS2="True">
			<GuiElement Type="TextBlock" Text="MemoryCard/LoadFailed" Template="SaveLoadDialogTopLeftPos" />		
		</Platform>
		<Platform PC="True" XBOX="True" XENON="True">
			<GuiElement Type="TextBlock" Text="SaveLoad/LoadFailed" Template="SaveLoadDialogTopLeftPos" />		
		</Platform>
		<GuiElement Type="SignOutProfile" Text="Continue" Template="SaveLoadDialogLeftPos" Window="ProfileMenu" PushWindow="LoadEnumerateProfilesMenu" KeepRollbackWindow="True" RollBack="True" />
		<GuiElement Template="SaveLoadDialogLegend" />
	</Window>

	<Window Name="LoadGameFailedMenu" Template="SaveLoadDialog" PopOnBack="False">
		<Platform PS2="True">
			<GuiElement Type="TextBlock" Text="MemoryCard/LoadGameFailed" Template="SaveLoadDialogTopLeftPos" />		
		</Platform>
		<Platform PC="True" XBOX="True" XENON="True">
			<GuiElement Type="TextBlock" Text="SaveLoad/LoadFailed" Template="SaveLoadDialogTopLeftPos" />		
		</Platform>
		<GuiElement Type="OpenWindow" Text="Ok" Template="SaveLoadDialogLeftPos" Window="MainMenu" ResetStack="True" />
	</Window>
	
	<!-- Delete dialogs for all platforms -->
	<Window Name="DeleteConfirmationMenu" Template="SaveLoadDialog" PopOnBack="False">
		<GuiElement Type="ProfileTextBlock" Text="SaveLoad/DeleteConfirmationProfile" Template="SaveLoadDialogTopLeftPos" />
		<Navigation Navigation="Horizontal">
			<GuiElement Type="OpenWindow" Text="Delete" Window="DeleteProfileMenu" PushOnStack="False" Template="SaveLoadDialogLeftPos" TakeFocus="False" />
			<GuiElement Type="SignOutProfile" Text="Cancel" Window="DeleteSelectProfileMenu" RollBack="True" />
		</Navigation>
		<Platform PS2="True">
			<GuiElement Type="OnMCChange" OnRemoval="True" Window="DeleteMCNotAvailableMenu" />
		</Platform>			
		<GuiElement Template="SaveLoadDialogLegend" />
	</Window>
	
	<!-- Load dialogs all platforms -->
	<Window Name="DeleteLoadErrorMenu" Template="SaveLoadDialog" PopOnBack="False">
		<Platform PS2="True">
			<GuiElement Type="TextBlock" Text="MemoryCard/17" Template="SaveLoadDialogTopLeftPos" />		
		</Platform>
		<Platform PC="True" XBOX="True" XENON="True">
			<GuiElement Type="TextBlock" Text="SaveLoad/LoadFailed" Template="SaveLoadDialogTopLeftPos" />		
		</Platform>
		<GuiElement Type="OpenWindow" Text="Retry" Template="SaveLoadDialogLeftPos" Window="ProfileMenu" PushWindow="LoadEnumerateProfilesMenu" KeepRollbackWindow="True" RollBack="True" />	
		<GuiElement Template="SaveLoadDialogLegend" />
	</Window>

	<Window Name="DeleteErrorMenu" Template="SaveLoadDialog" PopOnBack="False">
		<Platform PS2="True">
			<GuiElement Type="TextBlock" Text="MemoryCard/DeleteFailed" Template="SaveLoadDialogTopLeftPos" />		
		</Platform>
		<Platform PC="True" XBOX="True" XENON="True">
			<GuiElement Type="TextBlock" Text="SaveLoad/DeleteFailed" Template="SaveLoadDialogTopLeftPos" />		
		</Platform>
		<GuiElement Type="CloseWindow" Text="Continue" Window="DeleteEnumerateProfilesMenu" Template="SaveLoadDialogLeftPos" />	
		<GuiElement Template="SaveLoadDialogLegend" />
	</Window>

	<Window Name="DeleteCompleteMenu" Template="SaveLoadDialog" PopOnBack="False">
		<GuiElement Type="TextBlock" Text="MemoryCard/33" Template="SaveLoadDialogTopLeftPos" />		
		<GuiElement Type="OpenWindow" Text="Continue" Window="DeleteEnumerateProfilesMenu" Template="SaveLoadDialogLeftPos" />	
		<GuiElement Template="SaveLoadDialogLegend" />
	</Window>

	<!-- Delete profile -->	
	<Window Name="DeleteProfileMenu" Template="SaveLoadDialog" PopOnBack="False">
		<Platform PS2="True">
			<GuiElement Type="DeleteProfile" ActionMessage="MemoryCard/32" Template="SaveLoadDialogTopLeftPos" Window="DeleteCompleteMenu" 
				DeleteErrorMenu="DeleteErrorMenu" />
		</Platform>
		<Platform PC="True">
			<GuiElement Type="DeleteProfile" ActionMessage="SaveLoad/DeletingProfile" Template="SaveLoadDialogTopLeftPos" Window="DeleteCompleteMenu" Width="200"
				DeleteErrorMenu="DeleteErrorMenu" />
		</Platform>
		<Platform XBOX="True" XENON="True">
			<GuiElement Type="DeleteProfile" ActionMessage="XboxSaveLoad/DeleteProfile" Template="SaveLoadDialogTopLeftPos" Window="DeleteCompleteMenu" Width="200"
				DeleteErrorMenu="DeleteErrorMenu" />
		</Platform>
	</Window>

	<!-- New Profile -->
	<Platform PC="True">
		<Window Name="EnterProfileNameMenu" Background="HitmanBackgroundFaded" Template="Window" Navigation="Vertical">
			<GuiElement Template="SaveLoadBackground" />
			<GuiElement Template="SaveLoadHeader" Text="Headers/ProfileManager" />
			<GuiElement Type="TextBlock" Text="Headers/CreateNewProfileMenu" Template="SaveLoadSubHeader" />		
			<GuiElement Template="Top" />
			<GuiElement Type="EnterProfileName" InfoText="SaveLoad/EnterProfileName" Cursor="OnlineKeyboardCursor00" ColorSet="Profile" Template="SaveLoadButtonTop" CreateProfileMenu="CreateNewProfileCheckMenu" EmptyProfileNameMenu="EmptyProfileNameMenu" UseCharList="True" TextLimit="20" Name="EnterProfileName"/>
			<Navigation Navigation="Horizontal">
				<GuiElement X="240" Y="623" Type="CloseWindow" Text="Buttons/Back" Template="SaveLoadButton" />
				<GuiElement X="782" Y="623" Type="CreateProfile" Text="CreateProfile" Window="CreateNewProfileCheckMenu" EmptyProfileNameMenu="EmptyProfileNameMenu" Alignment="Right" />	
			</Navigation>				
		</Window>
	</Platform>
	<Platform XBOX="True" XENON="True">
		<Window Name="EnterProfileNameMenu" Background="HitmanBackgroundFaded" Template="Window">
			<GuiElement Template="Top"/>
			<GuiElement X="160" Template="SaveLoadHeader" Text="Headers/EnterProfileName" />	
			<GuiElement Type="EnterProfileNameConsole" EmptyProfileNameMenu="EmptyProfileNameMenu" NextMenu="CreateNewProfileCheckMenu" X="140" Y="40" />
			<GuiElement Template="SaveLoadLegend2" />			
		</Window>
	</Platform>
	<Platform PS2="True">
		<Window Name="EnterProfileNameMenu" Background="HitmanBackgroundFaded" Template="Window">
			<GuiElement Template="Top"/>
			<GuiElement X="96" Template="SaveLoadHeader" Text="Headers/EnterProfileName" />
			<GuiElement Type="EnterProfileNameConsole" EmptyProfileNameMenu="EmptyProfileNameMenu" NextMenu="SaveConfirmationMenu" X="76" Y="40" />
			<GuiElement Template="SaveLoadLegend2" />
		</Window>
		<!-- Ask for confirmation about save game -->
		<Window Name="SaveConfirmationMenu" Template="SaveLoadDialog" PopOnBack="False">
			<GuiElement Type="TextBlock" Text="MemoryCard/SaveConfirmation" Template="SaveLoadDialogTopLeftPos" />
			<Navigation Navigation="Horizontal">
				<GuiElement Type="OpenWindow" Text="Yes" Window="CreateNewProfileCheckMenu" PushOnStack="False" Template="SaveLoadDialogLeftPos" TakeFocus="False" />
				<GuiElement Type="OpenWindow" Text="No" Window="ContinueWithoutSaveConfirmationMenu" />
			</Navigation>
			<GuiElement Template="SaveLoadDialogLegend" />
		</Window>
		<Window Name="ContinueWithoutSaveConfirmationMenu" Template="SaveLoadDialog" PopOnBack="False">
			<GuiElement Type="TextBlock" Text="SaveLoad/ContinueWithoutSavingConfirmation" Template="SaveLoadDialogTopLeftPos" />
			<Navigation Navigation="Horizontal">
				<GuiElement Type="OpenWindow" Text="Yes" Window="MainMenu" Template="SaveLoadDialogLeftPos" TakeFocus="False" />
				<GuiElement Type="SignOutProfile" Text="No" Window="EnterProfileNameMenu" RollBack="True" />
			</Navigation>
			<GuiElement Template="SaveLoadDialogLegend" />
		</Window>
	</Platform>
	
	<Window Name="EmptyProfileNameMenu" Template="SaveLoadDialog" PopOnBack="False">
		<GuiElement Type="TextBlock" Text="Dialog/EmptyProfileName" Template="SaveLoadDialogTopLeftPos" />		
		<GuiElement Type="CloseWindow" Text="Ok" Template="SaveLoadDialogLeftPos" />
		<GuiElement Template="SaveLoadDialogLegend" />
	</Window>
	
	<!-- Main -->
	<Window Name="MainMenu" Template="Window" PopOnBack="False" RollBackMark="True">
		<GuiElement Type="BackgroundCameraClear" Clear="False" />
		<GuiElement Template="TopPos" />
		<!-- GuiElement Type="LoadScene" Text="%SaveAndContiune (debug)" Scene="saveandcontinue" Template="LeftPosX" / -->	
		<GuiElement Type="OpenWindow" Text="Frontend/StartGame" Window="DifficultySelectMenu" Template="LeftPosX" />
		<!-- GuiElement Type="OpenWindow" Text="Headers/ProfileManager" Window="ProfileMenu" Template="LeftPosX" ResetStack="True" / -->
		<GuiElement Type="OpenWindow" Text="Options/Options" Window="OptionMenu" Template="LeftPosX" />
		<GuiElement Type="OpenWindow" Text="Frontend/Credits" Window="CreditsMenu" Template="LeftPosX" />
		<Platform PS2="True">
			<GuiElement Type="OpenWindow" Text="Frontend/Extras" Window="ExtrasMenu" Template="LeftPosX" />
		</Platform>
		<GuiElement Type="ResetActiveController" Text="ExitProfile" Template="LeftPosX" Window="LegalScreenMenu" ResetStack="True" />					
		<Platform PC="True">
			<GuiElement Type="OpenWindow" Text="EidosOnline" Window="EidosOnlineMenu" Template="LeftPosX" />
		</Platform>
		<Platform XBOX="True">
			<GuiElement Type="OpenWindow" Text="XboxLive" Window="EidosOnlineMenu" Template="LeftPosX" />
		</Platform>
		<Platform XENON="True">
			<GuiElement Type="OpenLicenseWindow" Text="Online/ViewStats" Window="OnlineWindow100" Path="Main" Template="LeftPosX" />
		</Platform>
		<Platform XBOX="True" XENON="True">
			<GuiElement Text="" Type="TextBlock" Template="LeftPosX" />
			<GuiElement Type="AutoOnlineLoginFrontEndStatus" Name="AutoLoginElementStatus" Template="LeftPosX"/>
			<GuiElement Type="AutoOnlineLoginFrontEndGamerTag" Name="AutoLoginElementGamerTag" X="215" Y="220" />
			<GuiElement Name="PendingFriendInvite" Type="ZPendingFriendInviteAlert" X="75" Y="143" />
			<GuiElement Name="PendingGameInvite" Type="ZPendingGameInviteAlert" X="40" Y="143" />
		</Platform>
		<Platform PC="True">
			<GuiElement Type="OpenWindow" Text="ExitGame" Window="QuitGameMenu" Template="LeftPosX" />
		</Platform>
		<GuiElement Template="Legend3" />
		<GuiElement Type="BuildID" X="20" Y="20" />
	</Window>

	<Platform PS2="True">
		<Window Name="ExtrasMenu" Template="Window">
			<GuiElement Template="Header" />
			<GuiElement Type="OpenWindow" Text="UrbanChaos" Window="LaunchDemoConfirmDialog" Template="LeftPosX" />
			<GuiElement Template="Legend2" />
		</Window>
		
		<Window Name="LaunchDemoConfirmDialog" Template="UrbanChaosDialog" PopOnBack="False">
			<GuiElement Type="TextBlock" Text="UrbanChaosConfirm" Template="SaveLoadDialogTopLeftPos" />
			<Navigation Navigation="Horizontal">
				<GuiElement Type="LaunchDemo" Text="Buttons/Yes" TakeFocus="False" Text="UrbanChaos" Template="SaveLoadDialogLeftPos" Y="200" />
				<GuiElement Type="CloseWindow" Text="Buttons/No" />
			</Navigation>
			<GuiElement Template="UrbanChaosLegend" />
		</Window>
	</Platform>

	<!-- Difficulty level -->
	<MainIniOption Name="DebugMenus" Value="1">
		<Template Name="SDLM" Type="SetDifficultyLevel" Window="SelectMissionDebugMenu" Template="LeftPosX" />
	</MainIniOption>
	<MainIniOption Name="DebugMenus" Value="0">
		<Template Name="SDLM" Type="SetDifficultyLevel" Window="SelectMissionMenu" Template="LeftPosX" />
	</MainIniOption>
	<!--
	<Window Name="DifficultySelectMenu" Template="Window">
		<GuiElement Template="Header" />
		<GuiElement Template="SDLM" DifficultyLevel="0" Text="Frontend/Rookie" />
		<GuiElement Template="SDLM" DifficultyLevel="1" Text="Frontend/Normal" />
		<GuiElement Template="SDLM" DifficultyLevel="2" Text="Frontend/Expert" />
		<GuiElement Template="SDLM" DifficultyLevel="3" Text="Frontend/Pro" />
		<GuiElement Template="Legend2" />
	</Window>
	-->
	<!--	
	<Template Name="SDLM2" Type="SetDifficultyLevel" Template="SaveLoadLeftPos" StartTraining="True" />
	<Window Name="DifficultySelectStartTrainingMenu" Template="SaveLoadWindow" PopOnBack="False" >
		<GuiElement Template="SaveLoadBackground" />
		<GuiElement Template="SaveLoadHeader" Text="Headers/DifficultySelectMenu" />
		<GuiElement Template="SaveLoadTop" />
		<GuiElement Template="SDLM2" DifficultyLevel="0" Text="Frontend/Rookie" />
		<GuiElement Template="SDLM2" DifficultyLevel="1" Text="Frontend/Normal" />
		<GuiElement Template="SDLM2" DifficultyLevel="2" Text="Frontend/Expert" />
		<GuiElement Template="SDLM2" DifficultyLevel="3" Text="Frontend/Pro" />
		<GuiElement X="100" Type="OpenWindow" Window="DifficultySelectStartTrainingMenuTest" DifficultyLevel="3" Text="%Test" />				
		<Platform PS2="True" XBOX="True" XENON="True">
			<GuiElement Template="SaveLoadLegend" />
		</Platform>
		<GuiElement Template="LowerDots" />
	</Window>
	-->
	
	<Platform XBOX="True" XENON="True">
		<Template Name="DifficultySelectWindow" Template="Window" BrowserY="100" />
	</Platform>
	<Platform PS2="True">
		<Template Name="DifficultySelectWindow" Template="Window" BrowserY="130" />
	</Platform>
	<Platform PC="True">
		<Template Name="DifficultySelectWindow" Template="Window" BrowserY="226" />
	</Platform>

	<Window Name="DifficultySelectMenu" Template="DifficultySelectWindow" Type="Component">
		<Header>
			<GuiElement Template="Header" />
			<Platform PS2="True" XBOX="True" XENON="True">
				<GuiElement Template="Legend2" />
			</Platform>
		</Header>
		<Browser>
			<GuiElement Template="SDLM" DifficultyLevel="0" Text="Frontend/Rookie" DifficultyInfoWindow="DifficultyRookie" />
			<GuiElement Template="SDLM" DifficultyLevel="1" Text="Frontend/Normal" DifficultyInfoWindow="DifficultyNormal" />
			<GuiElement Template="SDLM" DifficultyLevel="2" Text="Frontend/Expert" DifficultyInfoWindow="DifficultyExpert" />
			<GuiElement Template="SDLM" DifficultyLevel="3" Text="Frontend/Pro"	DifficultyInfoWindow="DifficultyPro" />
			<Platform PC="True">
				<GuiElement Template="Legend2" />
			</Platform>
		</Browser>
	</Window>
	
	<Platform PS2="True">
		<Template Name="DifficultyInfo" X="205" Y="200" Type="TextBlock" Width="285" LineSpace="-7" />	
		<Template Name="DifficultyRookie" Text="Dialog/Rookie_PS2" Template="DifficultyInfo" />
		<Template Name="DifficultyNormal" Text="Dialog/Normal_PS2" Template="DifficultyInfo" />
		<Template Name="DifficultyExpert" Text="Dialog/Expert_PS2" Template="DifficultyInfo" />
		<Template Name="DifficultyPro" Text="Dialog/Professional_PS2" Template="DifficultyInfo" />
	</Platform>

	<Platform XBOX="True">
		<Template Name="DifficultyInfo" X="230" Y="200" Type="TextBlock" Width="310" LineSpace="-7" />	
		<Template Name="DifficultyRookie" Text="Dialog/Rookie_XBOX" Template="DifficultyInfo" />
		<Template Name="DifficultyNormal" Text="Dialog/Normal_XBOX" Template="DifficultyInfo" />
		<Template Name="DifficultyExpert" Text="Dialog/Expert_XBOX" Template="DifficultyInfo" />
		<Template Name="DifficultyPro" Text="Dialog/Professional_XBOX" Template="DifficultyInfo" />
	</Platform>

	<Platform PC="True">
		<Template Name="DifficultyInfo" X="480" Y="280" Type="TextBlock" Width="330" />	
		<Template Name="DifficultyRookie" Text="Dialog/Rookie_PC" Template="DifficultyInfo" />
		<Template Name="DifficultyNormal" Text="Dialog/Normal_PC" Template="DifficultyInfo" />
		<Template Name="DifficultyExpert" Text="Dialog/Expert_PC" Template="DifficultyInfo" />
		<Template Name="DifficultyPro" Text="Dialog/Professional_PC" Template="DifficultyInfo" />
	</Platform>

	<Window Name="DifficultyRookie" Template="Window">
		<GuiElement Template="DifficultyRookie"/>
	</Window>

	<Window Name="DifficultyNormal" Template="Window">
		<GuiElement Template="DifficultyNormal" />
	</Window>

	<Window Name="DifficultyExpert" Template="Window">
		<GuiElement Template="DifficultyExpert" />
	</Window>

	<Window Name="DifficultyPro" Template="Window">
		<GuiElement Template="DifficultyPro" />
	</Window>

	<!-- Credits -->
	<Window Name="CreditsMenu" Template="Window">
		<GuiElement Type="FadeGraphic" Graphic="CreditsBackground" FadeUpTime="2" OnScreenTime="-1" Name="CreditsBackground" />		
		<Platform PC="True">
			<GuiElement Type="BackgroundCameraClear" Restore="True" />						
			<GuiElement Text="CreditsText" Type="TextCredits" Width="320" LineCount="13" Alignment="Left" X="512" Y="155" FrontEndCredits="True" />
			<GuiElement Type="CloseWindow" Text="Buttons/Back" Font="Menu" X="512" Y="609" Alignment="Center" />
		</Platform>
		<Platform XBOX="True" XENON="True">
			<GuiElement Type="BackgroundCameraClear" Restore="True" />								
			<GuiElement Text="CreditsText" Type="TextCredits" Width="320" LineCount="13" Alignment="Left" X="320" Y="65" FrontEndCredits="True" />
			<GuiElement Type="TextBlock" Text="Buttons/Back2" Font="Menu" X="320" Y="343" Alignment="Center" />						
		</Platform>
		<Platform PS2="True">
			<GuiElement Type="BackgroundCameraClear" Restore="True" />								
			<GuiElement Text="CreditsText" Type="TextCredits" Width="320" LineCount="13" Alignment="Left" X="256" Y="65" FrontEndCredits="True" />
			<GuiElement Type="TextBlock" Text="Buttons/Back2" Font="Menu" X="256" Y="343" Alignment="Center" />			
		</Platform>
	</Window>
	<!-- Mission Select -->
	<Platform PS2="True" XBOX="True" XENON="True">
		<ButtonGraphicDefinition Name="ButtonGraphicUp" TextOffsetX="200" TextOffsetY="11" H="14">
		<GraphicElement Name="ScrollUp" AnimateAlpha="True" Priority="15" X="-11" Y="0">
			<Type Value="Focus" />
		</GraphicElement>
		<GraphicElement Name="ScrollUp" AnimateAlpha="False" Priority="15" X="-11" Y="0">
			<Type Value="Normal" />
		</GraphicElement>
		</ButtonGraphicDefinition>

		<ButtonGraphicDefinition Name="ButtonGraphicDown" TextOffsetX="200" TextOffsetY="11">
			<GraphicElement Name="ScrollDown" AnimateAlpha="True" Priority="15" X="-11" Y="0">
				<Type Value="Focus" />
			</GraphicElement>
			<GraphicElement Name="ScrollDown" AnimateAlpha="False" Priority="15" X="-11" Y="0">
				<Type Value="Normal" />
			</GraphicElement>
		</ButtonGraphicDefinition>
		<Template Name="LevelList" NumVisibleButtons="6" Template="LeftPosX" ButtonGraphicUp="ButtonGraphicUp" ButtonGraphicDown="ButtonGraphicDown" />
	</Platform>		
		
	<Platform PC="True">			
		<Template Name="LevelList" NumVisibleButtons="6" erLinkOut="True" Template="LeftPosX" ButtonGraphicUp="ButtonGraphicUp" ButtonGraphicDown="ButtonGraphicDown" />
	</Platform>		

	<Window Name="SelectMissionMenu" Template="Window">
		<GuiElement Template="Header" />
		<GuiElement Type="GUIList" Interface="LevelList" Template="LevelList" />
		<GuiElement Template="Legend2" />
	</Window>

	<MainIniOption Name="DebugMenus" Value="1">
		<!-- Select Mission Menu -->
		<Window Name="SelectMissionDebugMenu" Template="Window">
			<GuiElement Template="HeaderElement" Text="SELECT MISSION (Debug)" />
			<GuiElement Template="TopPos"/>
			<GuiElement Type="OpenWindow" Window="SelectMissionMenu" Text="%AVAILABLE MISSIONS" Template="LeftPosX" />
			<GuiElement Type="OpenWindow" Window="AllMissionSelectMenu" Text="%ALL MISSIONS" Template="LeftPosX" />
			<GuiElement Template="Legend2" />
		</Window>

		<Window Name="AllMissionSelectMenu" Template="Window">
			<GuiElement Template="HeaderElement" Text="SELECT MISSION (Debug)" />
			<GuiElement Template="TopPos"/>
			<GuiElement Type="LoadScene" Text="LevelNames/HideOut" Scene="HideOut/HideOut_Main" Template="LeftPosX" />
			<GuiElement Type="LoadScene" Text="LevelNames/M00" Scene="M00" Template="LeftPosX" />
			<GuiElement Type="LoadScene" Text="LevelNames/M01" Scene="M01" Template="LeftPosX" />
			<GuiElement Type="LoadScene" Text="LevelNames/M03" Scene="M03" Template="LeftPosX" />
			<GuiElement Type="LoadScene" Text="LevelNames/M04" Scene="M04" Template="LeftPosX" />
			<GuiElement Type="LoadScene" Text="LevelNames/M05" Scene="M05" Template="LeftPosX" />
			<GuiElement Type="LoadScene" Text="LevelNames/M06" Scene="M06" Template="LeftPosX" />
			<GuiElement Type="LoadScene" Text="LevelNames/M02" Scene="M02" Template="LeftPosX" />
			<GuiElement Type="LoadScene" Text="LevelNames/M08" Scene="M08" Template="LeftPosX" />
			<GuiElement Type="LoadScene" Text="LevelNames/M09" Scene="M09" Template="LeftPosX" />
			<GuiElement Type="LoadScene" Text="LevelNames/M10" Scene="M10" Template="LeftPosX" />
			<GuiElement Type="LoadScene" Text="LevelNames/M11" Scene="M11" Template="LeftPosX" />
			<GuiElement Type="LoadScene" Text="LevelNames/M12" Scene="M12" Template="LeftPosX" />
			<GuiElement Type="LoadScene" Text="LevelNames/M13" Scene="M13" Template="LeftPosX" />
			<GuiElement Template="Legend2" />
		</Window>
	</MainIniOption>
	
	<Window Name="QuitGameMenu" Template="SaveLoadDialog">
		<Navigation Navigation="Horizontal">
			<GuiElement Type="TextBlock" Text="Options/PC/AreYouSureExit" Template="SaveLoadDialogTopLeftPos" />
			<GuiElement Type="QuitGame" Text="Yes" Template="SaveLoadDialogLeftPos" TakeFocus="False" />
			<GuiElement Type="CloseWindow" Text="No" />
		</Navigation>			
	</Window>
</Windows>