<Windows>

	<!-- ************************************************************************************************** -->
	<!-- Save load ingame -->
	<!-- ************************************************************************************************** -->
	<!-- ColorSetDefinition Name="Profile" NormalColor="0xffc1ab72" FocusColor="0xffc1ab72" / -->
	<ColorSetDefinition Name="Profile" NormalColor="0xffffffff" FocusColor="0xffffffff" />	
	<Platform PS2="True">
		<Template Name="SaveLoadWindow" Background="HitmanBackgroundFaded" X="0" Y="0" W="512" H="448" AlignV="Center" AlignH="Center" AlignMode="Border" LineSpace="3" />
		<Template Name="SaveLoadDialog" X="0" Y="0" W="350" H="250" AlignV="Center" AlignH="Center" AlignMode="Border" LineSpace="3" Dialog="True" Background="SaveLoadDialog" Frame="True"/>	
		<Template Name="SaveLoadBackground" Type="Frame" Frame="SaveLoadBackground" W="360" H="243" X="76" Y="60" />
		<Template Name="SaveLoadLeftPos" X="90" />
		<Template Name="SaveLoadTop">
			<GuiElement Type="ProfileName" Font="Menu" X="430" Y="50" Alignment="Right" />
			<GuiElement Type="TextBlock" Text="" Y="80" />
		</Template>
		<Template Name="SaveLoadTopLeftPos" Template="SaveLoadLeftPos" Y="110" />
		<Template Name="SaveLoadButton" Template="SaveLoadLeftPos" ColorSet="Profile" />
		<Template Name="SaveLoadButtonTop" Template="SaveLoadTopLeftPos" Y="110" ColorSet="Profile" />
		<Template Name="SaveLoadDialogLeftPos" X="10" />
		<Template Name="SaveLoadDialogTopLeftPos" Template="SaveLoadDialogLeftPos" Y="50" Width="350" />
		<Template Name="SaveLoadHeader" Type="Header" X="80" Y="50" Font="Header" />
		<Template Name="SaveLoadSubHeader" X="98" Y="77" />
		<Template Name="SaveLoadDialogLegend">
			<GuiElement Type="TextBlock" Text="Buttons/Select2" Font="Menu" Y="243" X="10" />
		</Template>
		<Template Name="SaveLoadLegend">
			<GuiElement Type="TextBlock" Text="Buttons/Select2" Font="Menu" Y="324" X="90" />
		</Template>
		<Template Name="SaveLoadLegend2">
			<GuiElement Type="TextBlock" Text="Buttons/Select2" Font="Menu" Y="323" X="90" />
			<GuiElement Type="TextBlock" Text="Buttons/Back" Font="Menu" Y="323" Alignment="Right" X="422" />
		</Template>
		<Template Name="Top">
			<GuiElement Type="TextBlock" Text="" Y="80" />
		</Template>
	</Platform>
	<Platform PC="True">
		<Template Name="SaveLoadWindow" Background="HitmanBackgroundFaded" X="0" Y="0" W="800" H="600" AlignV="Center" AlignH="Center" AlignMode="Border" LineSpace="3" />
		<Template Name="SaveLoadDialog" X="0" Y="0" W="350" H="200" AlignV="Center" AlignH="Center" AlignMode="Border" LineSpace="3" Dialog="True" Background="SaveLoadDialog" Frame="True"/>	
		<Template Name="SaveLoadBackground" Type="Frame" Frame="SaveLoadBackground" W="560" H="480" X="120" Y="100" />
		<Template Name="SaveLoadLeftPos" X="134" />
		<Template Name="SaveLoadTop">
			<GuiElement Type="ProfileName" Font="Menu" X="664" Y="81" Alignment="Right" />
			<GuiElement Type="TextBlock" Text="" Y="136" />
		</Template>
		<Template Name="SaveLoadTopLeftPos" Template="SaveLoadLeftPos" Y="38" />
		<Template Name="SaveLoadButton" Template="SaveLoadLeftPos" ColorSet="Profile" />
		<Template Name="SaveLoadButtonTop" Template="SaveLoadTopLeftPos" Y="150" ColorSet="Profile" />
		<Template Name="SaveLoadDialogLeftPos" X="10" />
		<Template Name="SaveLoadDialogTopLeftPos" Template="SaveLoadDialogLeftPos" Y="50" Width="290" />
		<Template Name="SaveLoadHeader" Type="Header" X="128" Y="81" Font="Header" />
		<Template Name="SaveLoadSubHeader" X="144" Y="117" />
		<Template Name="SaveLoadDialogLegend">
		</Template>
		<Template Name="SaveLoadLegend2">
			<GuiElement Type="CloseWindow" Text="Buttons/Back" Font="Menu" X="240" Y="610" />	
		</Template>
	</Platform>
	<Platform XBOX="True" XENON="True">
		<Template Name="SaveLoadWindow" Background="HitmanBackgroundFaded" X="0" Y="0" W="640" H="448" AlignV="Center" AlignH="Center" AlignMode="Border" LineSpace="3" />
		<Template Name="SaveLoadDialog" X="0" Y="0" W="350" H="200" AlignV="Center" AlignH="Center" AlignMode="Border" LineSpace="3" Dialog="True" Background="SaveLoadDialog" Frame="True"/>
		<Template Name="SaveLoadBackground" Type="Frame" Frame="SaveLoadBackground" W="488" H="243" X="76" Y="60" />
		<Template Name="SaveLoadLeftPos" X="90" />
		<Template Name="SaveLoadTop">
			<GuiElement Type="ProfileName" Font="Menu" X="550" Y="50" Alignment="Right" />
			<GuiElement Type="HDStatus" Font="Menu" X="90" Y="297" Width="500"/>
			<GuiElement Type="TextBlock" Text="" Y="80" />
		</Template>
		<Template Name="SaveLoadTopLeftPos" Template="SaveLoadLeftPos" Y="110" />
		<Template Name="SaveLoadButton" Template="SaveLoadLeftPos" ColorSet="Profile" />
		<Template Name="SaveLoadButtonTop" Template="SaveLoadTopLeftPos" Y="110" ColorSet="Profile" />
		<Template Name="SaveLoadDialogLeftPos" X="10" />
		<Template Name="SaveLoadDialogTopLeftPos" Template="SaveLoadDialogLeftPos" Y="50" Width="300" />
		<Template Name="SaveLoadHeader" Type="Header" X="80" Y="50" Font="Header" />
		<Template Name="SaveLoadSubHeader" X="98" Y="77" />
		<Template Name="SaveLoadDialogLegend">
			<GuiElement Type="TextBlock" Text="Buttons/Select2" Font="Menu" Y="193" X="10" />
		</Template>
		<Template Name="SaveLoadLegend">
			<GuiElement Type="TextBlock" Text="Buttons/Select2" Font="Menu" Y="324" X="90" />
		</Template>
		<Template Name="SaveLoadLegend2">
			<GuiElement Type="TextBlock" Text="Buttons/Select2" Font="Menu" Y="323" X="90" />
			<GuiElement Type="TextBlock" Text="Buttons/Back" Font="Menu" Y="323" Alignment="Right" X="550" />
		</Template>
	</Platform>
	
	<!-- Save Profile -->
	<Window Name="SaveOptionsMenu" Template="SaveLoadWindow" PopOnBack="False">
		<GuiElement Template="SaveLoadBackground" />
		<GuiElement Template="SaveLoadHeader" Text="Headers/ProfileManager" />
		<GuiElement Template="SaveLoadTop" />
		<GuiElement Type="TextBlock" Text="UpdateProgress" Template="SaveLoadSubHeader" />	
		<Platform PS2="True">
			<GuiElement Type="OpenWindow" Window="SaveConfirmationMenu" Template="SaveLoadButtonTop" Text="SaveLoad/Save" />
		</Platform>			
		<Platform XBOX="True" XENON="True" PC="True">
			<GuiElement Type="OpenWindow" Window="SC_SaveProfileMenu" Template="SaveLoadButtonTop" Text="SaveLoad/Save" />
		</Platform>			
		<GuiElement Type="OpenWindow" Window="ContinueWithoutSavingConfirmation" Template="SaveLoadButton" Text="SaveLoad/Continue" />
		<GuiElement Type="OpenWindow" Window="QuitConfirmation" Template="SaveLoadButton" Text="QuitGame" />
		<Platform PS2="True" XBOX="True" XENON="True">
			<GuiElement Template="SaveLoadLegend" />
		</Platform>
	</Window>
	
	<Window Name="ContinueWithoutSavingConfirmation" Template="SaveLoadDialog" PopOnBack="False">
		<GuiElement Type="TextBlock" Text="SaveLoad/ContinueWithoutSavingConfirmation" Template="SaveLoadDialogTopLeftPos" />	
		<Navigation Navigation="Horizontal">
			<GuiElement Type="LoadSceneReplay" Scene="NextScene" ReplayScene="hitmanbloodmoney" MSL_Scene="hitmanbloodmoney" Template="SaveLoadDialogLeftPos" Text="Yes" TakeFocus="False" />	
			<GuiElement Type="CloseWindow" Text="No" Window="OverwriteSaveDataMenu" />
		</Navigation>
		<GuiElement Template="SaveLoadDialogLegend" />
	</Window>

	<Window Name="QuitConfirmation" Template="SaveLoadDialog" PopOnBack="False">
		<GuiElement Type="TextBlock" Text="Dialog/QuitGameConfirmationProgressLoss" Template="SaveLoadDialogTopLeftPos" Width="300" />
		<Navigation Navigation="Horizontal">
			<GuiElement Type="QuitLevel" Text="Buttons/Yes" Scene="HitmanBloodMoney" TakeFocus="False" Template="SaveLoadDialogLeftPos" />
			<GuiElement Type="CloseWindow" Text="Buttons/No" />
		</Navigation>
		<GuiElement Template="SaveLoadDialogLegend" />
	</Window>

	<Window Name="SaveCompleteMenu" Template="SaveLoadWindow" PopOnBack="False">
		<GuiElement Template="SaveLoadBackground" />
		<GuiElement Template="SaveLoadHeader" Text="Headers/ProfileManager" />
		<GuiElement Template="SaveLoadTop" />
		<GuiElement Type="TextBlock" Text="SaveLoad/ProgressSaved" Template="SaveLoadSubHeader" />
		<GuiElement Type="LoadSceneReplay" Scene="NextScene" ReplayScene="hitmanbloodmoney" MSL_Scene="hitmanbloodmoney" Template="SaveLoadButtonTop" Text="SaveLoad/Continue" />
		<GuiElement Type="OpenWindow" Window="QuitConfirmationNoLoss" Template="SaveLoadButton" Text="QuitGame" />
		<Platform PS2="True" XBOX="True" XENON="True">
			<GuiElement Template="SaveLoadLegend" />
		</Platform>
	</Window>

	<Window Name="QuitConfirmationNoLoss" Template="SaveLoadDialog" PopOnBack="False">
		<GuiElement Type="TextBlock" Text="Dialog/QuitGameConfirmationNoLoss" Template="SaveLoadDialogTopLeftPos" Width="300" />
		<Navigation Navigation="Horizontal">
			<GuiElement Type="QuitLevel" Text="Buttons/Yes" Scene="HitmanBloodMoney" TakeFocus="False" Template="SaveLoadDialogLeftPos" />
			<GuiElement Type="CloseWindow" Text="Buttons/No" />
		</Navigation>
		<GuiElement Template="SaveLoadDialogLegend" />
	</Window>

	<!-- Save and continue save flow -->
	<Platform PS2="True">
	<!-- Save Profile Check -->
		<Window Name="SaveConfirmationMenu" Template="SaveLoadDialog" PopOnBack="False">
			<GuiElement Type="TextBlock" Text="MemoryCard/SaveConfirmation" Template="SaveLoadDialogTopLeftPos" />
			<Navigation Navigation="Horizontal">
				<GuiElement Type="OpenWindow" Text="Yes" Window="SC_SaveProfileCheckMenu" PushOnStack="False" Template="SaveLoadDialogLeftPos" TakeFocus="False" />
				<GuiElement Type="CloseWindow" Text="No" />
			</Navigation>
			<GuiElement Template="SaveLoadDialogLegend" />
		</Window>

		<Window Name="SC_SaveProfileCheckMenu" Template="SaveLoadDialog" PopOnBack="False">
			<GuiElement Type="SaveCheck" Window="SC_SaveProfileMenu" Template="SaveLoadDialogTopLeftPos" CheckMessage="MemoryCard/21" EnumerateSaveGames="False" 
				MCNotAvailableMenu="SC_MCNotAvailableMenu"
				WriteSaveDataMenu="SC_WriteSaveDataMenu"
				OverwriteSaveDataMenu="SC_OverwriteSaveDataMenu"
				CreateNewProfileMenu="SC_CreateNewProfileCheckMenu" />
		</Window>
	
		<Window Name="SC_MCNotAvailableMenu" Template="SaveLoadDialog">
			<GuiElement Type="TextBlock" Text="MemoryCard/07" Template="SaveLoadDialogTopLeftPos" />
			<GuiElement Type="OpenWindow" Text="Cancel" Template="SaveLoadDialogLeftPos" Window="SaveOptionsMenu" RollBack="True" />
			<GuiElement Template="SaveLoadDialogLegend" />
			<!-- GuiElement Type="OnMCChange" OnRemoval="False" Window="SC_SaveProfileCheckMenu" / -->
		</Window>
		<Window Name="SC_OverwriteSaveDataMenu" Template="SaveLoadDialog" PopOnBack="False">
			<GuiElement Type="TextBlock" Text="MemoryCard/MCChangedOverwriteSaveData" Template="SaveLoadDialogTopLeftPos" />
			<Navigation Navigation="Horizontal">
				<GuiElement Type="OpenWindow" Text="Yes" Template="SaveLoadDialogLeftPos" Window="ProfileExistsMenu" TakeFocus="False" />
				<GuiElement Type="OpenWindow" Text="No" Window="SaveOptionsMenu" RollBack="True" />
			</Navigation>
			<GuiElement Template="SaveLoadDialogLegend" />
			<GuiElement Type="OnMCChange" OnRemoval="True" Window="SC_MCNotAvailableMenu" RecheckMenu="SC_SaveProfileCheckMenu" />
		</Window>

		<Window Name="ProfileExistsMenu" Template="SaveLoadDialog" PopOnBack="False">
			<GuiElement Type="ProfileTextBlock" Text="MemoryCard/ProfileExistsOverwrite" Template="SaveLoadDialogTopLeftPos" />
			<Navigation Navigation="Horizontal">
				<GuiElement Type="OpenWindow" Text="Yes" Template="SaveLoadDialogLeftPos" Window="OverwriteProfileConfirmMenu" TakeFocus="False" />
				<GuiElement Type="OpenWindow" Text="No" Window="SaveOptionsMenu" RollBack="True" />
			</Navigation>
			<GuiElement Template="SaveLoadDialogLegend" />
			<GuiElement Type="OnMCChange" OnRemoval="True" Window="SC_MCNotAvailableMenu" RecheckMenu="SC_SaveProfileCheckMenu" />
		</Window>
		
		<Window Name="OverwriteProfileConfirmMenu" Template="SaveLoadDialog" PopOnBack="False">
			<GuiElement Type="ProfileTextBlock" Text="SaveLoad/OverwriteConfirmationProfile" Template="SaveLoadDialogTopLeftPos" />	
			<Navigation Navigation="Horizontal">
				<GuiElement Type="ResetMCChange" Text="Yes" Template="SaveLoadDialogLeftPos" Window="SC_SaveProfileMenu" TakeFocus="False" />
				<GuiElement Type="OpenWindow" Text="No" Window="SaveOptionsMenu" RollBack="True" />
			</Navigation>
			<GuiElement Template="SaveLoadDialogLegend" />
			<Platform PS2="True">
				<GuiElement Type="OnMCChange" OnRemoval="True" Window="SC_MCNotAvailableMenu" RecheckMenu="SC_SaveProfileCheckMenu"/>		
			</Platform>
		</Window>
		
		<Window Name="SC_WriteSaveDataMenu" Template="SaveLoadDialog" PopOnBack="False">
			<GuiElement Type="TextBlock" Text="MemoryCard/MCChangedWriteSaveData" Template="SaveLoadDialogTopLeftPos" />
			<Navigation Navigation="Horizontal">
				<GuiElement Type="ResetMCChange" Text="Yes" Template="SaveLoadDialogLeftPos" Window="SC_CreateNewProfileCheckMenu" TakeFocus="False" />
				<GuiElement Type="OpenWindow" Text="No" Window="SaveOptionsMenu" RollBack="True" />
			</Navigation>
			<GuiElement Template="SaveLoadDialogLegend" />
			<GuiElement Type="OnMCChange" OnRemoval="True" Window="SC_MCNotAvailableMenu" RecheckMenu="SC_SaveProfileCheckMenu" />
		</Window>
		<!-- This works closely with SaveNewProfileMenu -->
		<Window Name="SC_CreateNewProfileCheckMenu" Template="SaveLoadDialog" PopOnBack="False">
			<GuiElement Type="NewProfileCheck" Window="SC_SaveNewProfileMenu" Template="SaveLoadDialogTopLeftPos" CheckMessage="MemoryCard/21"
				MCUnformattedMenu="SC_MCUnformattedMenu" 
				MCNotAvailableMenu="SC_SaveMCNotAvailableMenu" 
				MCInsufficientSpaceMenu="SC_MCInsufficientSpaceMenu" 
				ProfileExistsMenu="ProfileExistsMenu"
				NoAvailableProfilesMenu="SC_NoAvailableProfilesMenu" />
		</Window>
		<Window Name="SC_SaveNewProfileMenu" Template="SaveLoadDialog" PopOnBack="False">
			<GuiElement Type="SaveProfile" Window="SaveCompleteMenu" ReplayScene="hitmanbloodmoney" MSL_Scene="hitmanbloodmoney" Template="SaveLoadDialogTopLeftPos" ActionMessage="MemoryCard/12" CompleteMessage="MemoryCard/14" NewProfile="True"
				SaveErrorMenu="SC_SaveErrorProfileMenu" />
		</Window>
		<Window Name="SC_SaveProfileRetryMenu" Template="SaveLoadDialog" PopOnBack="False">
			<GuiElement Type="SaveCheck" CheckMessage="MemoryCard/21" Template="SaveLoadDialogTopLeftPos" Window="SC_SaveNewProfileMenu"
				WriteSaveDataMenu="SC_WriteSaveDataMenu" 
				OverwriteSaveDataMenu="SC_OverwriteSaveDataMenu"
				MCNotAvailableMenu="SC_SaveMCNotAvailableMenu"
				CreateNewProfileMenu="SC_CreateNewProfileCheckMenu" />
		</Window>
		<Window Name="SC_MCUnformattedMenu" Template="SaveLoadDialog" PopOnBack="False">
			<GuiElement Type="TextBlock" Text="MemoryCard/04" Template="SaveLoadDialogTopLeftPos" />
			<Navigation Navigation="Horizontal">
				<GuiElement Type="OpenWindow" Text="Yes" Window="SC_MCConfirmFormatMenu" PushOnStack="False" Template="SaveLoadDialogLeftPos" TakeFocus="False" />
				<GuiElement Type="OpenWindow" Text="No" Window="SaveOptionsMenu" RollBack="True" />
			</Navigation>
			<GuiElement Template="SaveLoadDialogLegend" />
			<GuiElement Type="OnMCChange" OnRemoval="True" Window="SC_SaveMCNotAvailableMenu" RecheckMenu="SC_SaveProfileCheckMenu" />
		</Window>
		<Window Name="SC_MCConfirmFormatMenu" Template="SaveLoadDialog" PopOnBack="False">
			<GuiElement Type="TextBlock" Text="MemoryCard/FormatConfirmation" Template="SaveLoadDialogTopLeftPos" />
			<Navigation Navigation="Horizontal">
				<GuiElement Type="OpenWindow" Text="Yes" Window="SC_MCFormatMenu" Template="SaveLoadDialogLeftPos" TakeFocus="False" />			
				<GuiElement Type="OpenWindow" Text="No" Window="SC_MCUnformattedMenu" />						
			</Navigation>
			<GuiElement Template="SaveLoadDialogLegend" />
			<GuiElement Type="OnMCChange" OnRemoval="True" Window="SC_SaveMCNotAvailableMenu" RecheckMenu="SC_SaveProfileCheckMenu" />
		</Window>
		<Window Name="SC_SaveMCNotAvailableMenu" Template="SaveLoadDialog" PopOnBack="False">
			<GuiElement Type="TextBlock" Text="MemoryCard/07" Template="SaveLoadDialogTopLeftPos" />
			<GuiElement Type="OpenWindow" Text="Cancel" Template="SaveLoadDialogLeftPos" Window="SaveOptionsMenu" RollBack="True" />
			<GuiElement Template="SaveLoadDialogLegend" />			
			<!-- GuiElement Type="OnMCChange" OnRemoval="False" Window="SC_SaveProfileCheckMenu" / -->
		</Window>
		<Window Name="SC_MCInsufficientSpaceMenu" Template="SaveLoadDialog" PopOnBack="False">
			<GuiElement Type="SaveGameSizeTextBlock" Text="MemoryCard/06" Template="SaveLoadDialogTopLeftPos" />
			<GuiElement Type="OpenWindow" Text="Continue" Template="SaveLoadDialogLeftPos" Window="SaveOptionsMenu" RollBack="True" />
			<GuiElement Template="SaveLoadDialogLegend" />			
			<GuiElement Type="OnMCChange" OnRemoval="True" Window="SC_SaveMCNotAvailableMenu" />
		</Window>
		<Window Name="SC_MCFormatMenu" Template="SaveLoadDialog" PopOnBack="False">
			<GuiElement Type="FormatMC" Template="SaveLoadDialogTopLeftPos" ActionMessage="MemoryCard/25"
				FormatSuccessMenu="SC_FormatSuccessMenu" 
				FormatFailureMenu="SC_FormatFailureMenu" />
		</Window>
		<Window Name="SC_FormatSuccessMenu" Template="SaveLoadDialog" PopOnBack="False">
			<GuiElement Type="TextBlock" Text="MemoryCard/27" Template="SaveLoadDialogTopLeftPos" />
			<GuiElement Type="OpenWindowTimer" Time="2" Window="SC_CreateNewProfileCheckMenu" />
		</Window>
		<Window Name="SC_FormatFailureMenu" Template="SaveLoadDialog" PopOnBack="False">
			<GuiElement Type="TextBlock" Text="MemoryCard/28" Template="SaveLoadDialogTopLeftPos" />
			<Navigation Navigation="Horizontal">
				<GuiElement Type="OpenWindow" Text="Retry" Template="SaveLoadDialogLeftPos" Window="SC_CreateNewProfileCheckMenu" />	
				<GuiElement Type="OpenWindow" Text="Cancel" Window="SaveOptionsMenu" RollBack="True" />
			</Navigation>
			<GuiElement Template="SaveLoadDialogLegend" />						
		</Window>
		<Window Name="SC_SaveErrorProfileMenu" Template="SaveLoadDialog" PopOnBack="False">
			<GuiElement Type="TextBlock" Text="MemoryCard/10" Template="SaveLoadDialogTopLeftPos" />	
			<Navigation Navigation="Horizontal">
				<GuiElement Type="OpenWindow" Text="Retry" Template="SaveLoadDialogLeftPos" Window="SC_SaveProfileRetryMenu" />	
				<GuiElement Type="OpenWindow" Text="Cancel" Window="SaveOptionsMenu" RollBack="True" />
			</Navigation>
			<GuiElement Template="SaveLoadDialogLegend" />		
		</Window>
		<Window Name="SC_NoAvailableProfilesMenu" Template="SaveLoadDialog" PopOnBack="False">
			<GuiElement Type="MaxProfileTextBlock" Text="MemoryCard/NoAvailableProfiles" Template="SaveLoadDialogTopLeftPos" />
			<GuiElement Type="OpenWindow" Text="Ok" Template="SaveLoadDialogLeftPos" Window="SaveOptionsMenu" RollBack="True" />
			<GuiElement Template="SaveLoadDialogLegend" />		
		</Window>
	</Platform>				

	<!-- Save Profile -->
	<Window Name="SC_SaveProfileMenu" Template="SaveLoadDialog" PopOnBack="False">
		<Platform PS2="True">
			<GuiElement Type="SaveProfile" Window="SaveCompleteMenu" ReplayScene="hitmanbloodmoney" MSL_Scene="hitmanbloodmoney" Template="SaveLoadDialogTopLeftPos" ActionMessage="MemoryCard/12" CompleteMessage="MemoryCard/14" 
				SaveErrorMenu="SC_SaveErrorProfileMenu2" />
		</Platform>
		<Platform PC="True">
			<GuiElement Type="SaveProfile" Window="SaveCompleteMenu" ReplayScene="hitmanbloodmoney" MSL_Scene="hitmanbloodmoney" Template="SaveLoadDialogTopLeftPos" ActionMessage="SaveLoad/SavingProfile" CompleteMessage="MemoryCard/14" 
				SaveErrorMenu="SC_SaveErrorProfileMenu2" />
		</Platform>
		<Platform XBOX="True" XENON="True">
			<GuiElement Type="SaveProfile" Window="SaveCompleteMenu" ReplayScene="hitmanbloodmoney" MSL_Scene="hitmanbloodmoney" Template="SaveLoadDialogTopLeftPos" ActionMessage="XboxSaveLoad/SaveProfileWarning"
				SaveErrorMenu="SC_SaveErrorProfileMenu2" />
		</Platform>
	</Window>
	<Window Name="SC_SaveErrorProfileMenu2" Template="SaveLoadDialog" PopOnBack="False">
		<Platform PS2="True">
			<GuiElement Type="TextBlock" Text="MemoryCard/10" Template="SaveLoadDialogTopLeftPos" />	
		</Platform>
		<Platform PC="True">
			<GuiElement Type="TextBlock" Text="SaveLoad/SaveFailed" Template="SaveLoadDialogTopLeftPos" />	
		</Platform>
		<Platform XBOX="True" XENON="True">
			<GuiElement Type="ProfileTextBlock" Text="XboxSaveLoad/SaveFailedProfile" Template="SaveLoadDialogTopLeftPos" />
		</Platform>
		<Navigation Navigation="Horizontal">
			<Platform PS2="True">
				<GuiElement Type="OpenWindow" Text="Retry" Template="SaveLoadDialogLeftPos" Window="SC_SaveProfileCheckMenu" />	
			</Platform>
			<Platform XBOX="True" XENON="True" PC="True">
				<GuiElement Type="OpenWindow" Text="Retry" Template="SaveLoadDialogLeftPos" Window="SC_SaveProfileMenu" />	
			</Platform>
			<GuiElement Type="OpenWindow" Text="Cancel" Window="SaveOptionsMenu" RollBack="True" />
		</Navigation>
		<GuiElement Template="SaveLoadDialogLegend" />		
	</Window>
	
</Windows>