<Windows>	

	<ColorSetDefinition Name="Default" NormalColor="0xffffffff" FocusColor="0xffffffff" />
	<ColorSetDefinition Name="Grey" NormalColor="0xff888888" FocusColor="0xffffffff" />
	<ColorSetDefinition Name="Green" NormalColor="0xff99b8b8" FocusColor ="0xffff0000"/>
	<ColorSetDefinition Name="Buyable" NormalColor="0xff00aa00" />
	<ColorSetDefinition Name="NonBuyable" NormalColor="0xffaa0000" FocusColor="0xffaa0000" />
	<ColorSetDefinition Name="Tier" NormalColor="0xff888888" FocusColor="0xffffdc5e" />

	<!-- Default template for all windows -->
	
	<Template Name="HeaderGeneral" Shadow="False" />
	
	<Platform PS2="True">
		<Template Name="PreMission_WT" X="0" Y="0" W="512" H="448" AlignV="Center" AlignH="Center" AlignMode="Border" />
		<Template Name="LegendPosY" Y="416" />	
		<Template Name="HeaderLeftPos" X="93" Y="73" Template="HeaderGeneral" />
	</Platform>
	<Platform PC="True" XBOX="True" XENON="True">
		<Template Name="PreMission_WT" X="0" Y="0" W="640" H="480" AlignV="Center" AlignH="Center" AlignMode="Border"/>
		<Template Name="LegendPosY" Y="436" />
		<Template Name="HeaderLeftPos" X="110" Y="89" Template="HeaderGeneral" />
	</Platform>

	<ButtonGraphicDefinition Name="ArrowLeft" GraphicsOnly="True" >
		<GraphicElement Name="ArrowLeft" AnimateAlpha="True" Priority="13">
			<Type Value="Focus" />
			<Type Value="Pushed" />
		</GraphicElement>
		<GraphicElement Name="ArrowLeft" AnimateAlpha="False" Priority="12">
			<Type Value="Normal" />
		</GraphicElement>
	</ButtonGraphicDefinition>
	
	<ButtonGraphicDefinition Name="ArrowRight" GraphicsOnly="True">
		<GraphicElement Name="ArrowRight" AnimateAlpha="True" Priority="13">
			<Type Value="Focus" />
			<Type Value="Pushed" />
		</GraphicElement>
		<GraphicElement Name="ArrowRight" AnimateAlpha="False" Priority="12" >
			<Type Value="Normal" />
		</GraphicElement>
	</ButtonGraphicDefinition>

	<ButtonGraphicDefinition Name="ButtonGraphicUp" TextOffsetX="200" TextOffsetY="11">
		<GraphicElement Name="ScrollUp" AnimateAlpha="True" Priority="15" X="0" Y="0">
			<Type Value="Focus" />
		</GraphicElement>
		<GraphicElement Name="ScrollUp" AnimateAlpha="False" Priority="15" X="0" Y="0">
			<Type Value="Normal" />
		</GraphicElement>
	</ButtonGraphicDefinition>

	<ButtonGraphicDefinition Name="ButtonGraphicDown" TextOffsetX="200" TextOffsetY="11">
		<GraphicElement Name="ScrollDown" AnimateAlpha="True" Priority="15" X="0" Y="0">
			<Type Value="Focus" />
		</GraphicElement>
		<GraphicElement Name="ScrollDown" AnimateAlpha="False" Priority="15" X="0" Y="0">
			<Type Value="Normal" />
		</GraphicElement>
	</ButtonGraphicDefinition>
	
	<!-- Weapon select menu -->	
	<Platform PS2="True">
		<ButtonGraphicDefinition Name="WeaponIcon" TextOffsetX="184" TextOffsetY="11">
			<GraphicElement Name="WeaponIcon" AnimateAlpha="True" Priority="13" X="82" Y="-9">
				<Type Value="Focus" />
			</GraphicElement>
			<GraphicElement Name="WeaponSelected" AnimateAlpha="True" Priority="14" X="20" Y="-10">
				<Type Value="Focus" />
			</GraphicElement>
			<GraphicElement Name="WeaponIcon" AnimateAlpha="False" Priority="12" X="82" Y="-9">
				<Type Value="Normal" />
			</GraphicElement>
		</ButtonGraphicDefinition>
	
		<Template Name="WSLegend" Alignment="Right" X="470" />
		<Window Name="WeaponSelectMenu" Background="WSBackground" Template="PreMission_WT" >
			<GuiElement Type="Header" Font="Header" X="120" Y="40" />
			<GuiElement Type="TextBlock" Text="Weapons" ColorSet="Green" X="204" Y="60" />	
			<GuiElement Type="TextBlock" Text="SelectedWeapons" ColorSet="Green" X="357" Y="87" />
			<GuiElement Type="SelectedWeapons" X="348" Y="117" LineSpace="-4"/>
			<GuiElement Type="WeaponSelector" Name="WeaponSelector" RightFocus="StartMission" X="21" Y="80" ColorSet="Green" ButtonGraphic="WeaponIcon" ButtonGraphicUp="ButtonGraphicUp" ButtonGraphicDown="ButtonGraphicDown" ActivateDetails="Circle" HeaderOffset="183" ArrowX="285" ArrowY="315" />
			<GuiElement Text="Buttons/Back" Type="TextBlock"		Y="324" Template="WSLegend" />
			<GuiElement Text="Buttons/Details" Type="TextBlock"		Template="WSLegend" />
			<GuiElement Text="Buttons/Select" Type="TextBlock"		Template="WSLegend" />
			<GuiElement Text="Buttons/Upgrade" Type="OpenWindow"	Template="WSLegend" Window="CustomWeaponMenu" ReceiveAllInput="True" ActivateButton="Square" Link="False" />	
			<GuiElement Text="Buttons/Start" Type="CheckForNonConcealableWeapons" Template="WSLegend" Scene="NextScene" ReceiveAllInput="True" ActivateButton="Start" Link="False" Window="NonConcealableDialog" />	
		</Window>
	</Platform>

	<Platform PC="True">
		<Template Name="WSL" X="553" Alignment="Right" />	
		<Template Name="WeaponSelectLegend">
			<GuiElement Text="Buttons/Back" Type="CloseWindow" MoveButton="Left" MoveFocus="WeaponSelector" Template="WSL" Y="400"  />
			<GuiElement Text="Buttons/Upgrade" Type="OpenWindow" Name="Upgrade" MoveButton="Left" MoveFocus="WeaponSelector" Window="CustomWeaponMenu" Y="420" Template="WSL" />
			<GuiElement Text="Buttons/StartMissionPC" Type="CheckForNonConcealableWeapons" Window="NonConcealableDialog" Name="StartMission" MoveButton="Left" MoveFocus="WeaponSelector" Template="WSL" Scene="NextScene" />	
		</Template>
	</Platform>

	<Platform XBOX="True" XENON="True">
		<Template Name="WSL" X="553" Alignment="Right" />		
		<Template Name="WeaponSelectLegend">
			<GuiElement Text="Buttons/Back"		Type="TextBlock"	Y="344" Template="WSL" Window="WeaponDetailsMenu" ReceiveAllInput="True" ActivateButton="X" Link="False" />	
			<GuiElement Text="Buttons/Details"	Type="OpenWindow"	Template="WSL" Window="WeaponDetailsMenu" ReceiveAllInput="True" ActivateButton="X" Link="False" />
			<GuiElement Text="Buttons/Select"	Type="CloseWindow"	Template="WSL" />
			<GuiElement Text="Buttons/Upgrade"	Type="OpenWindow"	Template="WSL" Window="CustomWeaponMenu" ReceiveAllInput="True" ActivateButton="Y" Link="False" />
			<GuiElement Text="Buttons/Start"	Type="CheckForNonConcealableWeapons" Window="NonConcealableDialog" Template="WSL" Scene="NextScene" ReceiveAllInput="True" ActivateButton="Start" Link="False" />	
		</Template>
	</Platform>
	
	<Platform PC="True" XBOX="True" XENON="True">
		<ButtonGraphicDefinition Name="WeaponIcon" TextOffsetX="194" TextOffsetY="11">
			<GraphicElement Name="WeaponIcon" AnimateAlpha="True" Priority="13" X="92" Y="-9">
				<Type Value="Focus" />
			</GraphicElement>
			<GraphicElement Name="WeaponSelected" AnimateAlpha="True" Priority="14" X="30" Y="-10">
				<Type Value="Focus" />
			</GraphicElement>
			<GraphicElement Name="WeaponIcon" AnimateAlpha="False" Priority="12" X="92" Y="-9">
				<Type Value="Normal" />
			</GraphicElement>
		</ButtonGraphicDefinition>
		<ButtonGraphicDefinition Name="ButtonGraphicUpgrade" TextOffsetX="10" TextOffsetY="11" TextAlignment="Left">
			<GraphicElement Name="DetailsEyeFocus" AnimateAlpha="True" Priority="14" X="12" Y="-11">
				<Type Value="Focus" />
			</GraphicElement>
			<GraphicElement Name="DetailsEyeNormal" AnimateAlpha="False" Priority="14" X="13" Y="-11">
				<Type Value="Normal" />
			</GraphicElement>
		</ButtonGraphicDefinition>
	
		<Window Name="WeaponSelectMenu" Background="WSBackground" Template="PreMission_WT" >
			<GuiElement Type="Header" Font="Header" X="144" Y="51" />
			<GuiElement Type="TextBlock" Text="Weapons" ColorSet="Green" X="236" Y="71" />	
			<GuiElement Type="TextBlock" Text="SelectedWeapons" ColorSet="Green" X="430" Y="97" />	
			<GuiElement Type="SelectedWeapons" X="430" Y="127" LineSpace="-4"/>
			<GuiElement Type="WeaponSelector" Name="WeaponSelector" RightFocus="StartMission" X="41" Y="90" ColorSet="Green" ButtonGraphic="WeaponIcon" ButtonGraphicUp="ButtonGraphicUp" ButtonGraphicDown="ButtonGraphicDown" ButtonGraphicUpgrade="ButtonGraphicUpgrade" ArrowX="340" ArrowY="333" />
			<GuiElement Template="WeaponSelectLegend" />
		</Window>
	</Platform>

	<Template Name="GraphicTier" Type="GraphicTier" Tier1="SkinT1" Tier2="SkinT2" Tier3="SkinT3" Tier4="SkinT4" Tier5="SkinT5" />
	<Platform PC="True" XBOX="True" XENON="True">
		<Template Name="GraphicTierPos" Template="GraphicTier" X="41" Y="16" />
	</Platform>
	<Platform PS2="True">
		<Template Name="GraphicTierPos" Template="GraphicTier" X="33" Y="11" />
	</Platform>
	
	<!-- Weapon details -->
	<Platform PC="True">
		<Template Name="WeaponDetailsLegend">
			<Navigation Navigation="Horizontal">		
				<GuiElement Text="Buttons/Back2" Type="CloseWindow" X="100" Template="LegendPosY" />
				<GuiElement Text="Buttons/Reset" Type="ResetWeaponDetails" X="540" Template="LegendPosY" Alignment="Right" />
			</Navigation>				
		</Template>
		<Template Name="WeaponDetails" X="23" Y="96" W="592" H="321" />
	</Platform>

	<Platform XBOX="True" XENON="True">
		<Template Name="WeaponDetailsLegend">
			<GuiElement Text="Buttons/Back2" Type="TextBlock" X="90" Template="LegendPosY" Link="False" />
			<GuiElement Text="Buttons/Reset" Type="ResetWeaponDetails" X="540" Template="LegendPosY" Alignment="Right" Link="False" ReceiveAllInput="True" ActivateButton="X"/>
		</Template>
		<Template Name="WeaponDetails" X="23" Y="96" W="592" H="321" />
	</Platform>

	<Platform PS2="True">
		<Template Name="WeaponDetailsLegend">
			<GuiElement Text="Buttons/Back2" Type="TextBlock" X="65" Template="LegendPosY" />
			<GuiElement Text="Buttons/Reset" Type="ResetWeaponDetails" X="457" Template="LegendPosY" Alignment="Right" Link="False" ReceiveAllInput="True" ActivateButton="Circle"/>		
		</Template>
		<Template Name="WeaponDetails" X="8" Y="78" W="496" H="320" />
	</Platform>
		
	<Window Name="WeaponDetailsMenu" Background="WSDetailsBackground" Template="PreMission_WT" >
		<GuiElement Template="GraphicTierPos" />
		<GuiElement Text="WeaponDetails" Type="ShowVar" Template="HeaderLeftPos" />
		<GuiElement Type="WeaponDetails" Template="WeaponDetails"/>
		<GuiElement Template="WeaponDetailsLegend"  />
	</Window>
	
	<!-- Custom Weapons -->
	<Template Name="CustomWeapons" TextOffsetX="250" TextOffsetY="39" TextAlignment="Left" W="300" H="48" />
	
	<ButtonGraphicDefinition Name="Custom_Pistol" Template="CustomWeapons" >
		<GraphicElement Name="CustomItemSelected" AnimateAlpha="True" Priority="14" X="30" Y="9">
			<Type Value="Focus" />
		</GraphicElement>
		<GraphicElement Name="Custom_Pistol" AnimateAlpha="True" Priority="14" X="90" Y="10">
			<Type Value="Focus" />
		</GraphicElement>
		<GraphicElement Name="Custom_Pistol" AnimateAlpha="False" Priority="14" X="90" Y="10">
			<Type Value="Normal" />
		</GraphicElement>
	</ButtonGraphicDefinition>

	<ButtonGraphicDefinition Name="Custom_ShotGun" Template="CustomWeapons" >
		<GraphicElement Name="CustomItemSelected" AnimateAlpha="True" Priority="14" X="30" Y="9">
			<Type Value="Focus" />
		</GraphicElement>
		<GraphicElement Name="Custom_ShotGun" AnimateAlpha="True" Priority="14" X="60" Y="10">
			<Type Value="Focus" />
		</GraphicElement>
		<GraphicElement Name="Custom_ShotGun" AnimateAlpha="False" Priority="14" X="60" Y="10">
			<Type Value="Normal" />
		</GraphicElement>
	</ButtonGraphicDefinition>

	<ButtonGraphicDefinition Name="Custom_SubMachineGun" Template="CustomWeapons" >
		<GraphicElement Name="CustomItemSelected" AnimateAlpha="True" Priority="14" X="30" Y="9">
			<Type Value="Focus" />
		</GraphicElement>
		<GraphicElement Name="Custom_SubMachineGun" AnimateAlpha="True" Priority="14" X="65" Y="10">
			<Type Value="Focus" />
		</GraphicElement>
		<GraphicElement Name="Custom_SubMachineGun" AnimateAlpha="False" Priority="14" X="65" Y="10">
			<Type Value="Normal" />
		</GraphicElement>
	</ButtonGraphicDefinition>

	<ButtonGraphicDefinition Name="Custom_AssaultRifle" Template="CustomWeapons">
		<GraphicElement Name="CustomItemSelected" AnimateAlpha="True" Priority="14" X="30" Y="9">
			<Type Value="Focus" />
		</GraphicElement>
		<GraphicElement Name="Custom_AssaultRifle" AnimateAlpha="True" Priority="14" X="65" Y="10">
			<Type Value="Focus" />
		</GraphicElement>
		<GraphicElement Name="Custom_AssaultRifle" AnimateAlpha="False" Priority="14" X="65" Y="10">
			<Type Value="Normal" />
		</GraphicElement>
	</ButtonGraphicDefinition>

	<ButtonGraphicDefinition Name="Custom_SniperRifle" Template="CustomWeapons">
		<GraphicElement Name="CustomItemSelected" AnimateAlpha="True" Priority="14" X="30" Y="9">
			<Type Value="Focus" />
		</GraphicElement>
		<GraphicElement Name="Custom_SniperRifle" AnimateAlpha="True" Priority="14" X="65" Y="10">
			<Type Value="Focus" />
		</GraphicElement>
		<GraphicElement Name="Custom_SniperRifle" AnimateAlpha="False" Priority="14" X="65" Y="10">
			<Type Value="Normal" />
		</GraphicElement>
	</ButtonGraphicDefinition>

	<ButtonGraphicDefinition Name="MiscEquipment" Template="CustomWeapons">
		<GraphicElement Name="CustomItemSelected" AnimateAlpha="True" Priority="14" X="30" Y="9">
			<Type Value="Focus" />
		</GraphicElement>
		<GraphicElement Name="MiscEquipment" AnimateAlpha="True" Priority="14" X="55" Y="3">
			<Type Value="Focus" />
		</GraphicElement>
		<GraphicElement Name="MiscEquipment" AnimateAlpha="False" Priority="14" X="55" Y="3">
			<Type Value="Normal" />
		</GraphicElement>
	</ButtonGraphicDefinition>

	<Platform PC="True">
		<Template Name="CWM_General" Alignment="Left" X="128" ColorSet="Grey" />
		<Template Name="CustomWeaponLegend">
			<Navigation Navigation="Horizontal">
				<GuiElement Type="CloseWindow" Text="Buttons/Back" Alignment="Left" X="100" Template="LegendPosY" />		
				<GuiElement Type="CheckForNonConcealableWeapons" Window="NonConcealableDialog" Text="Buttons/StartMissionPC" Scene="NextScene" X="540" Template="LegendPosY" Alignment="Right" />		
			</Navigation>
		</Template>
	</Platform>
	<Platform XBOX="True" XENON="True">
		<Template Name="CWM_General" Alignment="Left" X="128" ColorSet="Grey" />
		<Template Name="CustomWeaponLegend">
			<GuiElement Type="TextBlock" Text="Buttons/Back2" Alignment="Left" X="90" Template="LegendPosY" />		
			<GuiElement Type="TextBlock" Text="Buttons/Select2" Alignment="Center" X="320" Template="LegendPosY" />			
			<GuiElement Type="CheckForNonConcealableWeapons" Window="NonConcealableDialog" Text="Buttons/Start"  Scene="NextScene" X="540" Template="LegendPosY" Alignment="Right" ReceiveAllInput="True" ActivateButton="Start" Link="False" />		
		</Template>
	</Platform>
	<Platform PS2="True">
		<Template Name="CWM_General" Alignment="Left" X="68" ColorSet="Grey" />
		<Template Name="CustomWeaponLegend">
			<GuiElement Type="TextBlock" Text="Buttons/Back2" X="65" Template="LegendPosY" />	
			<GuiElement Type="TextBlock" Text="Buttons/Select2" X="254" Template="LegendPosY" Alignment="Center"/>		
			<GuiElement Type="CheckForNonConcealableWeapons" Window="NonConcealableDialog" Text="Buttons/StartMission"  Scene="NextScene" X="457" Template="LegendPosY" Alignment="Right" ReceiveAllInput="True" ActivateButton="Start" Link="False" />
		</Template>
	</Platform>
	<Template Name="OpenUpgradeScreen" Type="OpenUpgradeScreen" Window="WeaponUpgradeMenu" Template="CWM_General" />
	<Window Name="CustomWeaponMenu" Background="CWBackground" Template="PreMission_WT" >
		<GuiElement Template="GraphicTierPos" />
		<GuiElement Type="TextBlock" Text="CustomWeaponsWeaponSelect" Template="HeaderLeftPos" />
		<Platform PC="True" XBOX="True" XENON="True">
			<GuiElement Template="OpenUpgradeScreen" UpgradeType="Custom_Pistol" Text="HandGun" Y="95" ButtonGraphic="Custom_Pistol" />
		</Platform>
		<Platform PS2="True">
			<GuiElement Template="OpenUpgradeScreen" UpgradeType="Custom_Pistol" Text="HandGun" Y="75" ButtonGraphic="Custom_Pistol" />
		</Platform>
		<GuiElement Template="OpenUpgradeScreen" UpgradeType="Custom_ShotGun" Text="ShotGun" ButtonGraphic="Custom_ShotGun" />
		<GuiElement Template="OpenUpgradeScreen" UpgradeType="Custom_SubMachineGun" Text="SubMachineGun" ButtonGraphic="Custom_SubMachineGun" />
		<GuiElement Template="OpenUpgradeScreen" UpgradeType="Custom_AssaultRifle" Text="AssaultRifle" ButtonGraphic="Custom_AssaultRifle" />
		<GuiElement Template="OpenUpgradeScreen" UpgradeType="Custom_SniperRifle" Text="SniperRifle"  ButtonGraphic="Custom_SniperRifle" />
		<GuiElement Type="OpenWindow" Text="MiscEquipment" Template="CWM_General" ButtonGraphic="MiscEquipment" Window="ItemUpgradeMenu" />										
		<GuiElement Template="CustomWeaponLegend" />	
	</Window>
	
	<!-- Weapon / Item - UpgradeMenu -->
	<Template Name="UpgradeMoneyHeader">
		<Platform PS2="True">
			<GuiElement Text="HitmanMoney" Type="ShowVar" X="273" Template="HeaderLeftPos" />			
		</Platform>
		<Platform PC="True" XBOX="True" XENON="True">
			<GuiElement Text="HitmanMoney" Type="ShowVar" X="344" Template="HeaderLeftPos" />		
		</Platform>
	</Template>

	<Platform PS2="True">
		<Template Name="UpgradeLegend">
			<GuiElement Type="TextBlock" Text="Buttons/Back2" X="65" Y="414" />	
			<GuiElement Text="Buttons/StartMission" Type="CheckForNonConcealableWeapons" Window="NonConcealableDialog" Scene="NextScene" X="457" Y="414" Alignment="Right" ReceiveAllInput="True" ActivateButton="Start" Link="False" />
		</Template>
		<Template Name="CustomUpgradeLegend">
			<GuiElement Type="TextBlock" Text="Buttons/Discard2" X="65" Template="LegendPosY" />	
			<GuiElement Type="TextBlock" Text="Buttons/Details2" Window="WeaponDetailsMenu" X="208" Template="LegendPosY" Alignment="Center" />
			<GuiElement Type="CloseWindow" Text="Buttons/Accept" Window="WeaponDetailsMenu" X="304" Template="LegendPosY" Alignment="Center" Link="False" ReceiveAllInput="True" ActivateButton="ZW_SELECT4" />	
			<GuiElement Text="Buttons/StartMission" Type="CheckForNonConcealableWeapons" Window="NonConcealableDialog" Scene="NextScene" X="457" Template="LegendPosY" Alignment="Right" ReceiveAllInput="True" ActivateButton="Start" Link="False" />
		</Template>	
		<Template Name="ItemUpgradeLegend">
			<GuiElement Type="TextBlock" Text="Buttons/Discard2" X="65" Template="LegendPosY" />	
			<GuiElement Type="CloseWindow" Text="Buttons/Accept2" Window="WeaponDetailsMenu" X="256" Template="LegendPosY" Alignment="Center" Link="False" ReceiveAllInput="True" ActivateButton="ZW_SELECT4" />	
			<GuiElement Text="Buttons/StartMission" Type="CheckForNonConcealableWeapons" Window="NonConcealableDialog" Scene="NextScene" X="457" Template="LegendPosY" Alignment="Right" ReceiveAllInput="True" ActivateButton="Start" Link="False" />
		</Template>	
		<Template Name="UpgradeSelectorPos" X="-20" Y="125" />	
		<Template Name="UpgradeInfoPos" X="60" Y="233" UpgradeInfoOffset="200" ViewPortSizeX="217" ViewPortSizeY="100" ViewPortPosX="-19" />
	</Platform>

	<Platform PC="True">
		<Template Name="UpgradeLegend">
			<GuiElement Text="Buttons/Back" Type="CloseWindow" X="100" Template="LegendPosY" />
			<GuiElement Text="Buttons/Discard2" Cancel="True" Type="CloseWindow" X="320" Template="LegendPosY" Alignment="Center" />
			<GuiElement Text="Buttons/StartMissionPC" Type="CheckForNonConcealableWeapons" Window="NonConcealableDialog" Scene="NextScene" X="540" Template="LegendPosY" Alignment="Right" />
		</Template>
		<Template Name="CustomUpgradeLegend">
			<Navigation Navigation="Horizontal" >
				<GuiElement Text="Buttons/Back" Type="CloseWindow" X="100" Template="LegendPosY" />	
				<GuiElement Text="Buttons/Discard2" Cancel="True" Type="CloseWindow" X="250" Template="LegendPosY" Alignment="Center" />
				<GuiElement Text="Buttons/Details" Type="OpenWindow" Window="WeaponDetailsMenu" X="390" Template="LegendPosY" Alignment="Center" /> 			
				<GuiElement Text="Buttons/StartMissionPC" Type="CheckForNonConcealableWeapons" Window="NonConcealableDialog" Scene="NextScene" X="540" Template="LegendPosY" Alignment="Right" />	
			</Navigation>
		</Template>
		<Template Name="CustomUpgradeLegend">
			<Navigation Navigation="Horizontal" >
				<GuiElement Text="Buttons/Back" Type="CloseWindow" X="100" Template="LegendPosY" />	
				<GuiElement Text="Buttons/Discard2" Cancel="True" Type="CloseWindow" X="320" Template="LegendPosY" Alignment="Center" />
				<GuiElement Text="Buttons/StartMissionPC" Type="CheckForNonConcealableWeapons" Window="NonConcealableDialog" Scene="NextScene" X="540" Template="LegendPosY" Alignment="Right" />
			</Navigation>
		</Template>
		<Template Name="ItemUpgradeLegend">
			<Navigation Navigation="Horizontal" >
				<GuiElement Text="Buttons/Back" Type="CloseWindow" X="100" Template="LegendPosY" />	
				<GuiElement Text="Buttons/Discard2" Cancel="True" Type="CloseWindow" X="320" Template="LegendPosY" Alignment="Center" />
				<GuiElement Text="Buttons/StartMissionPC" Type="CheckForNonConcealableWeapons" Window="NonConcealableDialog" Scene="NextScene" X="540" Template="LegendPosY" Alignment="Right" />
			</Navigation>
		</Template>
	</Platform>

	<Platform XBOX="True" XENON="True">
		<Template Name="UpgradeLegend">
			<GuiElement Type="TextBlock" Text="Buttons/Back2" Alignment="Left" X="90" Template="LegendPosY" />		
			<GuiElement Type="CheckForNonConcealableWeapons" Window="NonConcealableDialog" Text="Buttons/Start" Scene="NextScene" X="540" Template="LegendPosY" Alignment="Right" ReceiveAllInput="True" ActivateButton="Start" Link="False" />	
		</Template>
		<Template Name="CustomUpgradeLegend">
			<GuiElement Type="TextBlock" Text="Buttons/Discard2" Alignment="Left" X="90" Template="LegendPosY" />		
			<GuiElement Type="TextBlock" Text="Buttons/Details2" Window="WeaponDetailsMenu" X="250" Template="LegendPosY" Alignment="Center" ReceiveAllInput="True" ActivateButton="Y" Link="False" /> 
			<GuiElement Type="CloseWindow" Text="Buttons/Accept" Window="WeaponDetailsMenu" X="400" Template="LegendPosY" Alignment="Center" Link="False" ReceiveAllInput="True" ActivateButton="ZW_SELECT4" />		
			<GuiElement Type="CheckForNonConcealableWeapons" Window="NonConcealableDialog" Text="Buttons/Start" Scene="NextScene" X="540" Template="LegendPosY" Alignment="Right" ReceiveAllInput="True" ActivateButton="Start" Link="False" />	
		</Template>
		<Template Name="ItemUpgradeLegend">
			<GuiElement Type="TextBlock" Text="Buttons/Discard2" Alignment="Left" X="90" Template="LegendPosY" />		
			<GuiElement Type="CloseWindow" Text="Buttons/Accept2" Window="WeaponDetailsMenu" X="320" Template="LegendPosY" Alignment="Center" Link="False" ReceiveAllInput="True" ActivateButton="ZW_SELECT4" />		
			<GuiElement Type="CheckForNonConcealableWeapons" Window="NonConcealableDialog" Text="Buttons/Start" Scene="NextScene" X="540" Template="LegendPosY" Alignment="Right" ReceiveAllInput="True" ActivateButton="Start" Link="False" />	
		</Template>
	</Platform>

	<Platform XBOX="True" XENON="True" PC="True">
		<Template Name="UpgradeSelectorPos" X="43" Y="129" />
		<Template Name="UpgradeInfoPos" X="80" Y="244" ViewPortSizeX="259" ViewPortSizeY="108" />
	</Platform>			

	<Window Name="WeaponUpgradeMenu" Background="WUBackground" Template="PreMission_WT">
		<GuiElement Template="GraphicTierPos" />
		<GuiElement Text="WeaponUpgrades" Type="ShowVar" Template="HeaderLeftPos"/>
		<GuiElement Template="UpgradeMoneyHeader" />
		<GuiElement Type="WeaponUpgradeSelector" Template="UpgradeSelectorPos" NonBuyableColorSet="NonBuyable" TierColorSet="Tier" Name="WeaponUpgradeSelector" />	
		<GuiElement Type="UpgradeInfo" Template="UpgradeInfoPos" Shadow="False" HeaderColorSet="Default" TierColorSet="Tier" NonBuyableColorSet="NonBuyable" BuyableColorSet="Buyable" UpgradeSelector="WeaponUpgradeSelector" />
		<GuiElement Template="CustomUpgradeLegend"/>
	</Window>
	
	<Template Name="ShowVarNoShadow" Type="ShowVar" ColorSet="Default" Shadow="False" Y="88"/>
	<Window Name="ItemUpgradeMenu" Background="WUBackground" Template="PreMission_WT">
		<GuiElement Template="GraphicTierPos" />
		<GuiElement Text="MiscEquipment" Type="TextBlock" Template="HeaderLeftPos"/>
		<GuiElement Template="UpgradeMoneyHeader" />
		<GuiElement Type="ItemUpgradeSelector" Template="UpgradeSelectorPos" NonBuyableColorSet="NonBuyable" TierColorSet="Tier" Name="ItemUpgradeSelector" />	
		<GuiElement Type="UpgradeInfo" Template="UpgradeInfoPos" Shadow="False" HeaderColorSet="Default" TierColorSet="Tier" NonBuyableColorSet="NonBuyable" BuyableColorSet="Buyable" UpgradeSelector="ItemUpgradeSelector" />	
		<GuiElement Template="ItemUpgradeLegend" />
	</Window>

	<!-- Better equipped dialog -->
	<Window Name="ImprovedEquippedDialog" X="0" Y="0" W="350" H="154" Dialog="True" Background="StandardDialog" Frame="True">
		<GuiElement Type="TextBlock" Text="UpgradePurchase" X="28" Y="18" />
		<GuiElement Type="TextBlock" Text="ImprovedPurchased" X="30" Y="51" Width="280" />	
		<Platform XBOX="True" XENON="True" PS2="True">
			<GuiElement Type="TextBlock" Text="Buttons/Back2" Y="147" X="15" Link="False" />
		</Platform>
		<Platform PC="True">
			<GuiElement Type="CloseWindow" Text="Buttons/Back" Y="147" X="15" />
		</Platform>
	</Window>

	<!-- Non concealable dialog -->
	<Window Name="NonConcealableDialog" X="0" Y="0" W="350" H="254" Dialog="True" Background="StandardDialog" Frame="True">
		<Platform PS2="True">
			<GuiElement Type="ShowVar" Text="NonConcealable" X="10" Y="51" Width="360" />			
		</Platform>
		<Platform XBOX="True" XENON="True" PC="True">
			<GuiElement Type="ShowVar" Text="NonConcealable" X="10" Y="51" Width="300" />			
		</Platform>			
		<Platform XBOX="True" XENON="True" PS2="True">
			<GuiElement Type="TextBlock" Text="Buttons/Back2" Y="247" X="15" />
			<GuiElement Type="StartMission" Text="Buttons/Start" Y="247" X="335" Alignment="Right" Scene="NextScene" TakeFocus="False" ReceiveAllInput="True" ActivateButton="Start" Link="False" />										
		</Platform>
		<Platform PC="True">
		<Navigation Navigation="Horizontal">
			<GuiElement Type="CloseWindow" Text="Buttons/Back" Y="247" X="15" />
			<GuiElement Type="StartMission" Text="Buttons/Start" Y="247" X="335" Alignment="Right" Scene="NextScene" />													
		</Navigation>
		</Platform>		
	</Window>

	<!-- Upgrade dependency dialog -->
	<Platform XBOX="True" XENON="True" PS2="True">
		<Template Name="UDD_Options">
			<Navigation Navigation="Horizontal">
				<GuiElement Type="TextBlock" Text="Buttons/Cancel2" X="15" Y="147" />
				<GuiElement Type="BuyUpgrade" Text="Buttons/BuyAll" Alignment="Right" X="335" Y="147" Link="False" ActivateButton="ZW_SELECT" ReceiveAllInput="True" />
			</Navigation>
		</Template>
	</Platform>
	<Platform PC="True">
		<Template Name="UDD_Options">
			<Navigation Navigation="Horizontal">
				<GuiElement Type="CloseWindow" Text="Buttons/Cancel2" X="15" Y="147" />
				<GuiElement Type="BuyUpgrade" Text="Buttons/BuyAll" Alignment="Right" X="335" Y="147" />
			</Navigation>
		</Template>
	</Platform>
	<Window Name="UpgradeDependencyDialog" X="0" Y="0" W="350" H="154" Dialog="True" Background="StandardDialog" Frame="True">
		<GuiElement Type="ShowVar" Text="EquipDialog" X="30" Y="51" Width="290" />
		<GuiElement Template="UDD_Options" />
	</Window>
</Windows>