<Windows>
	<!-- ************************************************************************************************************************ -->	
	<!-- Colorsets, WindowTemplates and ButtonGraphics. -->
	<!-- ************************************************************************************************************************ -->	
	<ColorSetDefinition Name="InvColorSet" NormalColor="0xffececec" FocusColor="0xffffffff" />	
	<ColorSetDefinition Name="LightBluegreen" NormalColor="0xffbed4d4" FocusColor="0xffffffff" />	
	
	<!-- *********************************************************************************************************************** -->
	<!-- Templates -->
	<!-- *********************************************************************************************************************** -->
	
	<!-- ************************************************************************************************************************ -->	
	<!-- Windows -->
	<!-- ************************************************************************************************************************ -->	
	<Platform PS2="True">
		<Window Name="InventoryMenu" Background="StandardDialog" Frame="True" X="0" Y="30" W="370" H="140" LineSpace="3" AlignV="Bottom" AlignH="Center" AlignMode="Border" >
			<GuiElement Type="Graphic" Name="InventoryRightArrow*" X="362" Y="-4" />
			<GuiElement Type="Graphic" Name="InventoryRightArrow*" MirrorY="True" X="-121" Y="-4" />
			<GuiElement Type="Inventory" Font="Text" ColorSet="InvColorSet" Alignment="Left" X="-64" Y="4" Name="InventoryMenu" />		
		</Window>
	</Platform>	

	<Platform PC="True" XBOX="True" XENON="True">	
		<Window Name="InventoryMenu" Background="StandardDialog" Frame="True" X="0" Y="30" W="370" H="145" LineSpace="3" AlignV="Bottom" AlignH="Center" AlignMode="Border" >
			<GuiElement Type="Graphic" Name="InventoryRightArrow*" X="363" Y="-4" />
			<GuiElement Type="Graphic" Name="InventoryRightArrow*" MirrorY="True" X="-25" Y="-4" />
			<GuiElement Type="Inventory" Font="Text" ColorSet="InvColorSet" Alignment="Left" X="-62" Y="4" Name="InventoryMenu" />
		</Window>
	</Platform>		
	
</Windows>

