<Windows>
	<!-- ************************************************************************************************************************ -->	
	<!-- Colorsets, WindowTemplates and ButtonGraphics. -->
	<!-- ************************************************************************************************************************ -->	
	<ColorSetDefinition Name="Green" NormalColor="0xff4fb8ab" FocusColor="0xffffffff" DisableColor="0xff777777"/>
	<ColorSetDefinition Name="White" NormalColor="236,236,236,255" FocusColor="0xffffffff" />
	<ColorSetDefinition Name="UltraWhite" NormalColor="255,255,255,255" FocusColor="0xffffffff" />
	<ColorSetDefinition Name="Red" NormalColor="0xffb64a40" FocusColor="0xffffffff" /> 
	<ColorSetDefinition Name="Info" NormalColor="230,200,100,255" FocusColor="0xffffffff" />
	<ColorSetDefinition Name="Hint" NormalColor="0xff3deb3d" FocusColor="0xffffffff" />
	<ColorSetDefinition Name="Warning" NormalColor="0xffdc2300" FocusColor="0xffffffff" />
	<ColorSetDefinition Name="Yellow" NormalColor="189,188,150,255" FocusColor="0xffffffff" />
	
	<Platform PC="True" XBOX="True" XENON="True">
		<Template Name="HM3Briefing" X="0" Y="0" W="640" H="480" AlignV="Center" AlignH="Center" AlignMode="Border" LineSpace="1" />
	</Platform>

	<Platform PS2="True">
		<Template Name="HM3Briefing" X="0" Y="0" W="512" H="448" AlignV="Center" AlignH="Center" AlignMode="Border" LineSpace="1" />
	</Platform>
	
	<Template Name="SubWindow" X="145" Y="145" W="350" H="384" AlignV="Top" AlignH="Left" LineSpace="-10" />


	<ButtonGraphicDefinition Name="BriefingMegaButton" TextOffsetX="152" TextOffsetY="-56" TextAlignment="Center" >
	<Platform PC="True">
		<GraphicElement Name="BriefingButton" Priority="10" Frame="True" W="309" H="130" >
			<Type Value="Focus" />
		</GraphicElement>	
		<GraphicElement Name="BriefingObjectiveButton" Priority="10" Frame="True" W="313" H="17" X="0" Y="-70">
			<Type Value="Focus" />
			<Type Value="Normal" />			
		</GraphicElement>	
	</Platform>
	<Platform XBOX="True" XENON="True" >
	<GraphicElement Name="BriefingButton" TextOffsetY="-56" Priority="10" X="-5" Frame="True" W="315" H="133" >
		<Type Value="Focus" />
	</GraphicElement>
	</Platform>	
	<Platform PS2="True" >
	<GraphicElement Name="BriefingButton" TextOffsetY="-56" Priority="10" X="-10" Y="-4" Frame="True" W="320" H="120" >
		<Type Value="Focus" />
	</GraphicElement>
	</Platform>	
	</ButtonGraphicDefinition>
	
	<!-- MegaButtons a-c -->	
	<Platform PC="True"> 
		<ButtonGraphicDefinition Name="BriefingMegaAButton" TextOffsetX="168" TextOffsetY="-65" TextAlignment="Center" >
			<GraphicElement Name="BriefingButton" Priority="10" Y="-13" Frame="True" W="329" H="128" >
				<Type Value="Focus" />
			</GraphicElement>
			<GraphicElement Name="BriefingObjectiveButton" Priority="9" Frame="True" W="331" H="17" X="1" Y="-81">
				<Type Value="Focus" />
				<Type Value="Normal" />			
			</GraphicElement>	
		</ButtonGraphicDefinition>
		<ButtonGraphicDefinition Name="BriefingMegaBButton" TextOffsetX="168" TextOffsetY="-65" TextAlignment="Center" >
			<GraphicElement Name="BriefingButton" Priority="10" Y="-33" Frame="True" W="329" H="87">
				<Type Value="Focus" />
			</GraphicElement>		
			<GraphicElement Name="BriefingObjectiveButton" Priority="9" Frame="True" W="331" H="17" X="1" Y="-81">
				<Type Value="Focus" />
				<Type Value="Normal" />			
			</GraphicElement>	
		</ButtonGraphicDefinition>	
		<ButtonGraphicDefinition Name="BriefingMegaCButton" TextOffsetX="168" TextOffsetY="-65" TextAlignment="Center" >
			<GraphicElement Name="BriefingButton" Priority="10" Y="-70" Frame="True" W="329" H="12">
				<Type Value="Focus" />
			</GraphicElement>
			<GraphicElement Name="BriefingObjectiveButton" Priority="9" Frame="True" W="331" H="17" X="1" Y="-81">
				<Type Value="Focus" />
				<Type Value="Normal" />			
			</GraphicElement>	
		</ButtonGraphicDefinition>							
		<ButtonGraphicDefinition Name="BriefingMegaDButton" TextOffsetX="168" TextOffsetY="-65" TextAlignment="Center" >
			<GraphicElement Name="BriefingButton" Priority="10" Y="-70" Frame="True" W="329" H="12">
				<Type Value="Focus" />
			</GraphicElement>
			<GraphicElement Name="BriefingObjectiveButton" Priority="9" Frame="True" W="331" H="17" X="1" Y="-81">
				<Type Value="Focus" />
				<Type Value="Normal" />			
			</GraphicElement>	
		</ButtonGraphicDefinition>							
	</Platform>

	<Platform XBOX="True" XENON="True"> 
		<ButtonGraphicDefinition Name="BriefingMegaAButton" TextOffsetX="167" TextOffsetY="-65" TextAlignment="Center" >
			<GraphicElement Name="BriefingButton" Priority="10" Y="-10" Frame="True" W="329" H="126" >
				<Type Value="Focus" />
			</GraphicElement>
		</ButtonGraphicDefinition>
		<ButtonGraphicDefinition Name="BriefingMegaBButton" TextOffsetX="167" TextOffsetY="-65" TextAlignment="Center" >
			<GraphicElement Name="BriefingButton" Priority="10" Y="-30" Frame="True" W="329" H="86">
				<Type Value="Focus" />
			</GraphicElement>
		</ButtonGraphicDefinition>		
		<ButtonGraphicDefinition Name="BriefingMegaCButton" TextOffsetX="167" TextOffsetY="-65" TextAlignment="Center" >
			<GraphicElement Name="BriefingButton" Priority="10" Y="-66" Frame="True" W="329" H="13">
				<Type Value="Focus" />
			</GraphicElement>
		</ButtonGraphicDefinition>
		<ButtonGraphicDefinition Name="BriefingMegaDButton" TextOffsetX="167" TextOffsetY="-65" TextAlignment="Center" >
			<GraphicElement Name="BriefingButton" Priority="10" Y="-66" Frame="True" W="329" H="13">
				<Type Value="Focus" />
			</GraphicElement>
		</ButtonGraphicDefinition>
	</Platform>
	
	<Platform PS2="True">
		<ButtonGraphicDefinition Name="BriefingMegaAButton" TextOffsetX="152" TextOffsetY="-65" TextAlignment="Center" >
			<GraphicElement Name="BriefingButton" Priority="10" X="-10" Y="-16" Frame="True" W="320" H="112" >
				<Type Value="Focus" />
			</GraphicElement>
		</ButtonGraphicDefinition>
		<ButtonGraphicDefinition Name="BriefingMegaBButton" TextOffsetX="152" TextOffsetY="-65" TextAlignment="Center" >
			<GraphicElement Name="BriefingButton" Priority="10" X="-10" Y="-29" Frame="True" W="320" H="92">
				<Type Value="Focus" />
			</GraphicElement>
		</ButtonGraphicDefinition>
		<ButtonGraphicDefinition Name="BriefingMegaCButton" TextOffsetX="152" TextOffsetY="-65" TextAlignment="Center" >
			<GraphicElement Name="BriefingButton" Priority="10" X="-10" Y="-66" Frame="True" W="320" H="13">
				<Type Value="Focus" />
			</GraphicElement>
		</ButtonGraphicDefinition>
		<ButtonGraphicDefinition Name="BriefingMegaDButton" TextOffsetX="152" TextOffsetY="-65" TextAlignment="Center" >
			<GraphicElement Name="BriefingButton" Priority="10" X="-10" Y="-66" Frame="True" W="320" H="13">
				<Type Value="Focus" />
			</GraphicElement>
		</ButtonGraphicDefinition>
	</Platform>						

	<ButtonGraphicDefinition Name="BriefingObjectiveButton" TextOffsetX="6" TextOffsetY="15" >
		<Platform PC="True">
			<GraphicElement Name="BriefingObjectiveButton" Priority="10" Frame="True" W="127" H="18">
				<Type Value="Focus" />
				<Type Value="Pushed" />
			</GraphicElement>
		</Platform>
		<Platform PS2="True">
			<GraphicElement Name="BriefingObjectiveButton" Priority="10" Frame="True" W="107" H="18">
				<Type Value="Focus" />
				<Type Value="Pushed" />
			</GraphicElement>
		</Platform>
		<Platform XBOX="True" XENON="True">
			<GraphicElement Name="BriefingObjectiveButton" Priority="10" Frame="True" W="116" H="18">
				<Type Value="Focus" />
				<Type Value="Pushed" />
			</GraphicElement>
		</Platform>
	</ButtonGraphicDefinition>
		
	<ButtonGraphicDefinition Name="HintButton" TextOffsetX="6" TextOffsetY="12" >
		<Platform PC="True">
			<GraphicElement Name="BriefingObjectiveButton" Priority="10" Frame="True" W="127" H="20">
				<Type Value="Focus" />
				<Type Value="Pushed" />
			</GraphicElement>
		</Platform>
		<Platform XBOX="True" XENON="True">
			<GraphicElement Name="BriefingObjectiveButton" Priority="10" Frame="True" W="116" H="20">
				<Type Value="Focus" />
				<Type Value="Pushed" />
			</GraphicElement>
		</Platform>
		<Platform PS2="True">
			<GraphicElement Name="BriefingObjectiveButton" Priority="10" Frame="True" W="107" H="20">
				<Type Value="Focus" />
				<Type Value="Pushed" />
			</GraphicElement>
		</Platform>
	</ButtonGraphicDefinition>

	<Template Name="PrevButton" Name="LeftArrow" Priority="10" X="-28" Y="-22" />
	<ButtonGraphicDefinition Name="PrevButton" >
		<GraphicElement Template="PrevButton" AnimateAlpha="True">
			<Type Value="Focus" />
		</GraphicElement>
		<GraphicElement Template="PrevButton" >
			<Type Value="Normal" />
		</GraphicElement>
		<GraphicElement Template="PrevButton" >
			<Type Value="Disabled" />
		</GraphicElement>
	</ButtonGraphicDefinition>

	<Platform PC="True" XBOX="True" XENON="True" >
		<Template Name="NextButton" Name="RightArrow" Priority="10" X="27" Y="-22" />
	</Platform>
	<Platform PS2="True">
		<Template Name="NextButton" Name="RightArrow" Priority="10" X="23" Y="-22" />
	</Platform>
			
	<Platform PC="True">
		<ButtonGraphicDefinition Name="NextButton" TextOffsetX="30" TextOffsetY="0" TextAlignment="Right" >
			<GraphicElement Template="NextButton" AnimateAlpha="True">
				<Type Value="Focus" />
			</GraphicElement>
			<GraphicElement Template="NextButton" >
				<Type Value="Normal" />
			</GraphicElement>
			<GraphicElement Template="NextButton" >
				<Type Value="Disabled" />
			</GraphicElement>
		</ButtonGraphicDefinition>
	</Platform>
	<Platform XBOX="True" XENON="True" PS2="True" >
		<ButtonGraphicDefinition Name="NextButton">
			<GraphicElement Template="NextButton">
				<Type Value="Focus" />
			</GraphicElement>
			<GraphicElement Template="NextButton" >
				<Type Value="Normal" />
			</GraphicElement>
			<GraphicElement Template="NextButton" >
				<Type Value="Disabled" />
			</GraphicElement>
		</ButtonGraphicDefinition>
	</Platform>
	
	<Platform XBOX="True" XENON="True" >
		<Template Name="DownButton" Name="ScrollDown" Priority="10" X="-37" Y="0" />
		<Template Name="DownButtonDiana" Name="ScrollDown" Priority="10" X="58" Y="-40" />
	</Platform>
	<Platform PS2="True" >
		<Template Name="DownButton" Name="ScrollDown" Priority="10" X="308" Y="0" />
		<Template Name="DownButtonDiana" Name="ScrollDown" Priority="10" X="40" Y="-40" />
	</Platform>
	<Platform PC="True">
		<Template Name="DownButton" Name="ScrollDown" Priority="10" X="0" Y="-22" />
		<Template Name="DownButtonDiana" Name="ScrollDown" Priority="10" X="0" Y="-22" />
	</Platform>
	<ButtonGraphicDefinition Name="DownButton" >
		<GraphicElement Template="DownButton">
			<Type Value="Focus" />
		</GraphicElement>
		<GraphicElement Template="DownButton" >
			<Type Value="Normal" />
		</GraphicElement>
	</ButtonGraphicDefinition>
	<ButtonGraphicDefinition Name="DownButtonDiana" >
		<GraphicElement Template="DownButtonDiana">
			<Type Value="Focus" />
		</GraphicElement>
		<GraphicElement Template="DownButtonDiana" >
			<Type Value="Normal" />
		</GraphicElement>
	</ButtonGraphicDefinition>
	
	<Platform XBOX="True" XENON="True" >
		<Template Name="UpButton" Name="ScrollUp" Priority="10" X="-37" Y="0" />	
		<Template Name="UpButtonDiana" Name="ScrollUp" Priority="10" X="58" Y="-40" />	
	</Platform>
	<Platform PS2="True" >
		<Template Name="UpButton" Name="ScrollUp" Priority="10" X="308" Y="0" />	
		<Template Name="UpButtonDiana" Name="ScrollUp" Priority="10" X="40" Y="-40" />	
	</Platform>
	<Platform PC="True">
		<Template Name="UpButton" Name="ScrollUp" Priority="10" X="0" Y="-22" />	
		<Template Name="UpButtonDiana" Name="ScrollUp" Priority="10" X="0" Y="-22" />	
	</Platform>
	<ButtonGraphicDefinition Name="UpButton" >
		<GraphicElement Template="UpButton">
			<Type Value="Focus" />
		</GraphicElement>
		<GraphicElement Template="UpButton" >
			<Type Value="Normal" />
		</GraphicElement>
	</ButtonGraphicDefinition>
	<ButtonGraphicDefinition Name="UpButtonDiana" >
		<GraphicElement Template="UpButtonDiana">
			<Type Value="Focus" />
		</GraphicElement>
		<GraphicElement Template="UpButtonDiana" >
			<Type Value="Normal" />
		</GraphicElement>
	</ButtonGraphicDefinition>
	<!-- *********************************************************************************************************************** -->
	<!-- Templates -->
	<!-- *********************************************************************************************************************** -->
	<Platform PS2="True">
		<Template Name="Legend1">
			<GuiElement Type="TextBlock" Text="Buttons/Back2" Font="Menu" X="98" Y="401" />
			<GuiElement Text="BriefingMoney" X="216" Y="401" ColorSet="Yellow" Type="ShowVar" Alignment="Left" />
			<GuiElement Type="TextBlock" Text="Buttons/Select" Font="Menu" Alignment="Right" X="410" Y="401" />
		</Template>
	    <Template Name="Legend2">
			<GuiElement Type="TextBlock" Text="Buttons/Back2" Font="Menu" X="98" Y="401" Link="False"/>
			<GuiElement Text="BriefingMoney" X="216" Y="401" ColorSet="Yellow" Type="ShowVar" Alignment="Left" />	
		</Template>
	    <Template Name="Legend3">
			<GuiElement Type="TextBlock" Text="Buttons/Select2" Font="Menu" X="98" Y="401" Link="False"/>
			<GuiElement Type="OpenWindow" Text="Buttons/WeaponSelection" Window="WeaponSelectMenu" Alignment="Right" X="460" Y="401" ReceiveAllInput="True" ActivateButton="Start" Link="False" />
			<GuiElement Text="BriefingMoney" X="216" Y="401" ColorSet="Yellow" Type="ShowVar" Alignment="Left" />			
		</Template>
		<Template Name="Legend4">
			<GuiElement Type="CloseWindow" Text="Buttons/Back2" Font="Menu" X="98" Y="401" Link="False"/>
			<GuiElement Type="OpenWindow" Text="Buttons/WeaponSelection" Window="WeaponSelectMenu" Alignment="Right" X="460" Y="401" ReceiveAllInput="True" ActivateButton="Start" Link="False" />
			<GuiElement Text="BriefingMoney" X="216" Y="401" ColorSet="Yellow" Type="ShowVar" Alignment="Left" />			
		</Template>		
		<Template Name="DetailUpDownTemplate">
			<GuiElement Type="DetailDown" TargetName="BriefingDetail" Text="Buttons/FlipPage" ButtonGraphic="DownButton" Alignment="Left" X="-104" Y="220" ReceiveAllInput="False" Link="False"/>
			<GuiElement Type="DetailUp" TargetName="BriefingDetail" Text="Buttons/FlipPage" ButtonGraphic="UpButton" Alignment="Left" X="-104" Y="220" ReceiveAllInput="False" Link="False"/> 
		</Template>
		<Template Name="DianaSpeechUpDownTemplate">
			<GuiElement Type="DetailDown" TargetName="DianaSpeech" Text="Buttons/FlipPage2" ButtonGraphic="DownButtonDiana" Alignment="Right" X="360" Y="401" ReceiveAllInput="True" Link="False"/>
			<GuiElement Type="DetailUp" TargetName="DianaSpeech" Text="Buttons/FlipPage2" ButtonGraphic="UpButtonDiana" Alignment="Right" X="360" Y="401" ReceiveAllInput="True" Link="False"/> 
		</Template>
		<Template Name="TrainingLegend">
			<GuiElement Type="CloseWindow" Text="Buttons/Back2" Font="Menu" X="25" Y="233" TakeFocus="False"/>
			<GuiElement Type="TrainingPrev" Text="Buttons/Prev" ButtonGraphic="PrevButton" Alignment="Right" X="320" Y="233" ReceiveAllInput="True" ActivateButton="Left" Link="False"/>
			<GuiElement Type="TrainingNext" Text="Buttons/NextRight" ButtonGraphic="NextButton" Alignment="Left" X="400" Y="233" ReceiveAllInput="True" ActivateButton="Right" Link="False"/>
		</Template>
	</Platform>
    
	<Platform PC="True" >
		<Template Name="Legend1">
		<GuiElement Type="CloseWindow" Text="Buttons/Back" Font="Menu" X="155" Y="426" />
		<GuiElement Text="BriefingMoney" X="272" Y="426" ColorSet="Yellow" Type="ShowVar" Alignment="Left" />	
		</Template>
	    <Template Name="Legend2">
			<GuiElement Type="CloseWindow" Text="Buttons/Back" Font="Menu" X="155" Y="426" />
			<GuiElement Text="BriefingMoney" X="272" Y="426" ColorSet="Yellow" Type="ShowVar" Alignment="Left" />	
		</Template>
	    <Template Name="Legend3">
	    <Navigation Navigation="Horizontal">
			<GuiElement Text="BriefingMoney" X="272" Y="426" ColorSet="Yellow" Type="ShowVar" Alignment="Left" />	
			<GuiElement Type="OpenWindow" Text="Buttons/WeaponSelection" Window="WeaponSelectMenu" Alignment="Right" X="480" Y="426" />
		</Navigation>			
		</Template>		
		<Template Name="Legend4">
			<GuiElement Type="CloseWindow" Text="Buttons/Back" Font="Menu" X="155" Y="426" />
			<GuiElement Text="BriefingMoney" X="272" Y="426" ColorSet="Yellow" Type="ShowVar" Alignment="Left" />	
			<GuiElement Type="OpenWindow" Text="Buttons/WeaponSelection" Window="WeaponSelectMenu" Alignment="Right" X="480" Y="426" />
		</Template>
		<Template Name="DetailUpDownTemplate">
			<GuiElement Type="DetailDown" TargetName="BriefingDetail" ButtonGraphic="DownButton" Alignment="Right" X="285" Y="265" ReceiveAllInput="False" Link="False"/>
			<GuiElement Type="DetailUp" TargetName="BriefingDetail" ButtonGraphic="UpButton" Alignment="Left" X="285" Y="245" ReceiveAllInput="False" Link="False"/> 
		</Template>
		<Template Name="DianaSpeechUpDownTemplate">
			<GuiElement Type="DetailDown" TargetName="DianaSpeech" ButtonGraphic="DownButtonDiana" Alignment="Right" X="465" Y="410" ReceiveAllInput="False" Link="False"/>
			<GuiElement Type="DetailUp" TargetName="DianaSpeech" ButtonGraphic="UpButtonDiana" Alignment="Left" X="465" Y="390" ReceiveAllInput="False" Link="False"/> 
		</Template>
		<Template Name="TrainingLegend">
			<Navigation Navigation="Horizontal">
				<GuiElement Type="CloseWindow" Text="Buttons/Back" Font="Menu" X="30" Y="233" TakeFocus="False" />			
				<GuiElement Type="TrainingPrev" Text="" ButtonGraphic="PrevButton" Alignment="Left" X="490" Y="233" TakeFocus="False" />
				<GuiElement Type="TrainingNext" Text="" ButtonGraphic="NextButton" Alignment="Right" X="570" Y="233" /> 
			</Navigation>
		</Template>		
	</Platform>
	
	<Platform XBOX="True" XENON="True">
		<Template Name="Legend1">
			<GuiElement Type="TextBlock" Text="Buttons/Back2" Font="Menu" X="120" Y="427" Link="False" />
			<GuiElement Text="BriefingMoney" X="270" Y="427" ColorSet="Yellow" Type="ShowVar" Alignment="Left" />
			<GuiElement Type="TextBlock" Text="Buttons/Select" Font="Menu" Alignment="Right" X="520" Y="427" />
		</Template>
	    <Template Name="Legend2">
			<GuiElement Type="CloseWindow" Text="Buttons/Back2" Font="Menu" X="120" Y="427" Link="False" />
			<GuiElement Text="BriefingMoney" X="270" Y="427" ColorSet="Yellow" Type="ShowVar" Alignment="Left" />	
		</Template>
	    <Template Name="Legend3">
	    <Navigation Navigation="Horizontal">
			<GuiElement Type="TextBlock" Text="Buttons/Select2" Font="Menu" X="120" Y="427" />			
			<GuiElement Type="OpenWindow" Text="Buttons/WeaponSelection" Window="WeaponSelectMenu" Alignment="Right" X="520" Y="427" ReceiveAllInput="True" ActivateButton="Start" Link="False" />
			<GuiElement Text="BriefingMoney" X="270" Y="427" ColorSet="Yellow" Type="ShowVar" Alignment="Left" />				
		</Navigation>			
		</Template>		
		<Template Name="Legend4">
			<GuiElement Type="TextBlock" Text="Buttons/Back2" Font="Menu" X="120" Y="427" />
			<GuiElement Text="BriefingMoney" X="270" Y="427" ColorSet="Yellow" Type="ShowVar" Alignment="Left" />	
			<GuiElement Type="OpenWindow" Text="Buttons/WeaponSelection" Window="WeaponSelectMenu" Alignment="Right" X="520" Y="427" ReceiveAllInput="True" ActivateButton="Start" Link="False" />
		</Template>
		<Template Name="DetailUpDownTemplate">
			<GuiElement Type="DetailDown" TargetName="BriefingDetail" Text="Buttons/FlipPage" ButtonGraphic="DownButton" Alignment="Left" X="305" Y="240" ReceiveAllInput="False" Link="False"/>
			<GuiElement Type="DetailUp" TargetName="BriefingDetail" Text="Buttons/FlipPage" ButtonGraphic="UpButton" Alignment="Left" X="305" Y="240" ReceiveAllInput="False" Link="False"/> 
		</Template>
		<Template Name="DianaSpeechUpDownTemplate">
			<GuiElement Type="DetailDown" TargetName="DianaSpeech" Text="Buttons/FlipPage2" ButtonGraphic="DownButtonDiana" Alignment="Right" X="400" Y="427" ReceiveAllInput="True" Link="False"/>
			<GuiElement Type="DetailUp" TargetName="DianaSpeech" Text="Buttons/FlipPage2" ButtonGraphic="UpButtonDiana" Alignment="Right" X="400" Y="427" ReceiveAllInput="True" Link="False"/>
		</Template>
		<Template Name="TrainingLegend">
			<GuiElement Type="CloseWindow" Text="Buttons/Back2" Font="Menu" X="30" Y="213" TakeFocus="False" />
			<GuiElement Type="TrainingPrev" Text="Buttons/Prev" ButtonGraphic="PrevButton" Alignment="Right" X="380" Y="213" ReceiveAllInput="True" ActivateButton="Left" Link="False"/>
			<GuiElement Type="TrainingNext" Text="Buttons/NextRight" ButtonGraphic="NextButton" Alignment="Left" X="460" Y="213" ReceiveAllInput="True" ActivateButton="Right" Link="False"/> 
		</Template>
	</Platform>
	
	<Template Name="Header">
		<Platform PC="True" XBOX="True" XENON="True">
			<GuiElement Type="Header" Text="MissionBriefing" Font="Header" ColorSet="Yellow" Alignment="Center" X="320" Y="104" />
		</Platform>
		<Platform PS2="True">
			<GuiElement Type="Header" Text="MissionBriefing" Font="Header" ColorSet="Yellow" Alignment="Center" X="256" Y="105" />
		</Platform>
	</Template>

	<!-- ************************************************************************************************************************ -->	
	<!-- Windows -->
	<!-- ************************************************************************************************************************ -->	
	<Window Name="MissionBriefing" Template="HM3Briefing" Background="BriefingBackground"> 
		<GuiElement Template="Header" />
		<Platform PC="True">
			<GuiElement Type="Frame" Frame="BriefingCenter" Priority="8" X="148" Y="116" W="343" H="287" />
			<GuiElement Type="Objectives" MouseColiOnHiddenObjects="True" Text="Objectives" ColorSet="Green" Window="ObjectiveDetails" Alignment="Center" X="151" Y="199" ButtonGraphic="BriefingMegaAButton" Font="Menu" />
			<GuiElement Type="InfoList" MouseColiOnHiddenObjects="True" Text="InfoList" ColorSet="Green" Window="InfoList" ShortList="True" Alignment="Center" X="151" Y="338" ButtonGraphic="BriefingMegaBButton" Font="Menu" />
			<GuiElement Type="OpenHint" MouseColiOnHiddenObjects="True" Text="Replay" ColorSet="Green" Window="ReplayBriefingWindow" Alignment="Center" X="151" Y="436" ButtonGraphic="BriefingMegaCButton" Font="Menu" />  <!-- OpenHint disables button if m13-->
			<GuiElement Type="OpenHint" MouseColiOnHiddenObjects="True" Text="ExtraInfo" ColorSet="Green" Window="HintDetails" Alignment="Center" X="151" Y="460" ButtonGraphic="BriefingMegaDButton" Font="Menu" />
		</Platform>
		<Platform XBOX="True" XENON="True">
			<GuiElement Type="Frame" Frame="BriefingCenter" Priority="9" X="148" Y="116" W="343" H="287" />
			<GuiElement Type="Frame" Frame="BriefingObjectiveButton*" Priority="10" X="148" Y="121" W="343" H="17" />
			<GuiElement Type="Frame" Frame="BriefingObjectiveButton*" Priority="10" X="148" Y="260" W="343" H="17" />
			<GuiElement Type="Frame" Frame="BriefingObjectiveButton*" Priority="10" X="148" Y="358" W="343" H="17" />
			<GuiElement Type="Frame" Frame="BriefingObjectiveButton*" Priority="10" X="148" Y="380" W="343" H="17" />
			<GuiElement Type="Objectives" Text="Objectives" ColorSet="Green" Window="ObjectiveDetails" Alignment="Center" X="151" Y="199" ButtonGraphic="BriefingMegaAButton" Font="Menu" />
			<GuiElement Type="InfoList" Text="InfoList" ColorSet="Green" Window="InfoList" ShortList="True" Alignment="Center" X="151" Y="338" ButtonGraphic="BriefingMegaBButton" Font="Menu" />
			<GuiElement Type="OpenHint" Text="Replay" ColorSet="Green" Window="ReplayBriefingWindow" Alignment="Center" X="151" Y="436" ButtonGraphic="BriefingMegaCButton" Font="Menu" /> 
			<GuiElement Type="OpenHint" Text="ExtraInfo" ColorSet="Green" Window="HintDetails" Alignment="Center" X="151" Y="458" ButtonGraphic="BriefingMegaDButton" Font="Menu" />
		</Platform>
		<Platform PS2="True">
			<GuiElement Type="Frame" Frame="BriefingCenter" Priority="9" X="92" Y="118" W="325" H="260" />
			<GuiElement Type="Frame" Frame="BriefingObjectiveButton*" Priority="10" X="93" Y="121" W="323" H="17" />
			<GuiElement Type="Frame" Frame="BriefingObjectiveButton*" Priority="10" X="93" Y="241" W="323" H="17" />
			<GuiElement Type="Frame" Frame="BriefingObjectiveButton*" Priority="10" X="93" Y="339" W="323" H="17" />
			<GuiElement Type="Frame" Frame="BriefingObjectiveButton*" Priority="10" X="93" Y="359" W="323" H="17" />
			<GuiElement Type="Objectives" Text="Objectives" ColorSet="Green" Window="ObjectiveDetails" Alignment="Center" X="103" Y="198" ButtonGraphic="BriefingMegaAButton" Font="Menu" />
			<GuiElement Type="InfoList" Text="InfoList" ColorSet="Green"  Window="InfoList" ShortList="True" Alignment="Center" X="103" Y="319" ButtonGraphic="BriefingMegaBButton" Font="Menu" />
			<GuiElement Type="OpenHint" Text="Replay" ColorSet="Green" Window="ReplayBriefingWindow" Alignment="Center" X="103" Y="417" ButtonGraphic="BriefingMegaCButton" Font="Menu" /> 
			<GuiElement Type="OpenHint" Text="ExtraInfo" ColorSet="Green" Window="HintDetails" Alignment="Center" X="103" Y="436" ButtonGraphic="BriefingMegaDButton" Font="Menu" />
		</Platform>
		<GuiElement Template="Legend1" />
	</Window>

	<Window Name="BriefingStandalone" Type="BriefingStandalone" Template="HM3Briefing" Background="BriefingBackground" PopOnBack="False">
		<GuiElement Template="Header" />
		<Platform PC="True">
			<GuiElement Type="Frame" Frame="BriefingCenter" Priority="8" X="158" Y="116" W="323" H="287"/>
			<!-- 
			<GuiElement Type="Frame" Frame="BriefingObjectiveButton*" Priority="9" X="158" Y="121" W="322" H="17" />
			<GuiElement Type="Frame" Frame="BriefingObjectiveButton*" Priority="9" X="158" Y="262" W="322" H="17" />
			-->
			<GuiElement Type="ObjectivesBrief" MouseColiOnHiddenObjects="True" Text="Objectives" ColorSet="Green" Window="ObjectiveDetailsStandalone" Alignment="Center" X="161" Y="190" ButtonGraphic="BriefingMegaButton" Font="Menu" />
			<GuiElement Type="OpenWindow" MouseColiOnHiddenObjects="True" Text="Replay" ColorSet="Green" Window="ReplayBriefingWindow" Alignment="Center" X="161" Y="331" ButtonGraphic="BriefingMegaButton" Font="Menu" /> 
		</Platform>
		<Platform XBOX="True" XENON="True">
			<GuiElement Type="Frame" Frame="BriefingCenter" Priority="9" X="158" Y="116" W="323" H="287"/>
			<GuiElement Type="Frame" Frame="BriefingObjectiveButton*" Priority="10" X="158" Y="121" W="322" H="17" />
			<GuiElement Type="Frame" Frame="BriefingObjectiveButton*" Priority="10" X="158" Y="262" W="322" H="17" />
			<GuiElement Type="ObjectivesBrief" Text="Objectives" ColorSet="Green" Window="ObjectiveDetailsStandalone" Alignment="Center" X="161" Y="189" ButtonGraphic="BriefingMegaButton" Font="Menu" />
			<GuiElement Type="OpenWindow" Text="Replay" ColorSet="Green" Window="ReplayBriefingWindow" Alignment="Center" X="161" Y="332" ButtonGraphic="BriefingMegaButton" Font="Menu" /> 
		</Platform>
		<Platform PS2="True">
			<GuiElement Type="Frame" Frame="BriefingCenter" Priority="9" X="92" Y="118" W="325" H="260"/>
			<GuiElement Type="Frame" Frame="BriefingObjectiveButton*" Priority="10" X="93" Y="121" W="323" H="17" />
			<GuiElement Type="Frame" Frame="BriefingObjectiveButton*" Priority="10" X="93" Y="249" W="323" H="17" />
			<GuiElement Type="ObjectivesBrief" Text="Objectives" ColorSet="Green" Window="ObjectiveDetailsStandalone" Alignment="Center" X="103" Y="190" ButtonGraphic="BriefingMegaButton" Font="Menu" />
			<GuiElement Type="OpenWindow" Text="Replay" ColorSet="Green" Window="ReplayBriefingWindow" Alignment="Center" X="103" Y="318" ButtonGraphic="BriefingMegaButton" Font="Menu" /> 
		</Platform>				
		<GuiElement Template="Legend3" />
	</Window>
	
	<Window Name="InfoList" Template="HM3Briefing" Background="BriefingBackground">
		<GuiElement Template="Header" />
		<Platform PC="True" XBOX="True" XENON="True">
			<GuiElement Type="Frame" Frame="BriefingCenter" Priority="9" X="158" Y="116" W="323" H="287" />
		</Platform>
		<Platform PS2="True">
			<GuiElement Type="Frame" Frame="BriefingCenter" Priority="9" X="92" Y="118" W="325" H="260" />
		</Platform>
		<GuiElement Type="InfoList" Text="InfoList" Alignment="Left" X="100" Y="198" />		
		<GuiElement Template="Legend2" />
	</Window>

	<Platform PC="True">	
		<Template Name="ObjectiveButtonPos" X="56"/>
	</Platform>
	<Platform XBOX="True" XENON="True">	
		<Template Name="ObjectiveButtonPos" X="75"/>
	</Platform>
	<Platform PS2="True">	
		<Template Name="ObjectiveButtonPos" X="36"/>
	</Platform>

	<Window Name="ObjectiveDetails" Type="Component" Template="HM3Briefing" Background="BriefingBackground" BrowserX="94" BrowserY="143">
		<Header>
			<GuiElement Template="Header" />
			<Platform PC="True">
			<GuiElement Type="Graphic" Name="BriefingInfoBackground" Priority="9" X="51" Y="120" />
				<GuiElement Type="Graphic" Name="BriefingDetailsBackground" Priority="9" X="450" Y="120" />
				<GuiElement Type="Frame" Frame="BriefingCenter" Priority="9" X="193" Y="116" W="254" H="287" />
				<GuiElement Type="TextBlock" Text="Information" ColorSet="Yellow" X="74" Y="134" Priority="13" />
				<GuiElement Type="TextBlock" Text="Details" ColorSet="Yellow" X="472" Y="134" Priority="13" /> 
				<GuiElement Template="Legend2" />
			</Platform>
			<Platform XBOX="True" XENON="True">
				<GuiElement Type="Graphic" Name="BriefingInfoBackground" Priority="9" X="70" Y="120" />
				<GuiElement Type="Graphic" Name="BriefingDetailsBackground" Priority="9" X="440" Y="120" />
				<GuiElement Type="Frame" Frame="BriefingCenter" Priority="9" X="203" Y="116" W="234" H="287" />
				<GuiElement Type="TextBlock" Text="Information" ColorSet="Yellow" X="95" Y="134" Priority="13" />
				<GuiElement Type="TextBlock" Text="Details" ColorSet="Yellow" X="466" Y="134" Priority="13" /> 
				<GuiElement Template="Legend2" />
			</Platform>
			<Platform PS2="True">
				<GuiElement Type="Graphic" Name="BriefingInfoBackground" Priority="9" X="32" Y="121" />
				<GuiElement Type="Graphic" Name="BriefingDetailsBackground" Priority="9" X="368" Y="121" />
				<GuiElement Type="Frame" Frame="BriefingCenter" Priority="9" X="154" Y="118" W="211" H="260" />
				<GuiElement Type="TextBlock" Text="Information" ColorSet="Yellow" X="54" Y="135" Priority="13" />
				<GuiElement Type="TextBlock" Text="Details" ColorSet="Yellow" X="390" Y="135" Priority="13" /> 
				<GuiElement Template="Legend2" />
			</Platform>
		</Header>
		<Browser>
			<GuiElement Type="BriefingDetailButton" Window="1" Text="Objective1" Template="ObjectiveButtonPos" ButtonGraphic="BriefingObjectiveButton" Font="Menu" />
			<GuiElement Type="BriefingDetailButton" Window="2" Text="Objective2" Template="ObjectiveButtonPos" ButtonGraphic="BriefingObjectiveButton" Font="Menu" />
			<GuiElement Type="BriefingDetailButton" Window="3" Text="Objective3" Template="ObjectiveButtonPos" ButtonGraphic="BriefingObjectiveButton" Font="Menu" />
			<GuiElement Type="BriefingDetailButton" Window="4" Text="Objective4" Template="ObjectiveButtonPos" ButtonGraphic="BriefingObjectiveButton" Font="Menu" />
			<GuiElement Type="BriefingDetailButton" Window="5" Text="Objective5" Template="ObjectiveButtonPos" ButtonGraphic="BriefingObjectiveButton" Font="Menu" />
			<GuiElement Type="BriefingDetailButton" Window="6" Text="Objective6" Template="ObjectiveButtonPos" ButtonGraphic="BriefingObjectiveButton" Font="Menu" />
		</Browser>
	</Window>

	<Platform PC="True">	
		<Template Name="BriefPos" X="55" Y="-15" />
	</Platform>
	<Platform XBOX="True" XENON="True">
		<Template Name="BriefPos" X="66" Y="-15" />
	</Platform>
	<Platform PS2="True">	
		<Template Name="BriefPos" X="15" Y="-13" />
	</Platform>
	
	<Platform PS2="True" PC="True">
		<Template Name="TextSlider" Text="Bla" Font="Text" Type="TextSlider" LineSpace="18" Width="200" LineCount="12" Alignment="Left" ReceiveAllInput="False" />
	</Platform>
	<Platform XBOX="True" XENON="True">
		<Template Name="TextSlider" Text="Bla" Font="Text" Type="TextSlider" LineSpace="18" Width="180" LineCount="12" Alignment="Left" ReceiveAllInput="False" />
	</Platform>

	<Window Name="1" Template="SubWindow">
		<GuiElement Type="BriefingDetail" Template="BriefPos" Name="BriefingDetail" >
			<GuiElement Template="TextSlider" />
		</GuiElement>
		<GuiElement Template="DetailUpDownTemplate" />
	</Window>
	
	<Window Name="2" Template="SubWindow">
		<GuiElement Type="BriefingDetail" Template="BriefPos" Name="BriefingDetail" >
			<GuiElement Template="TextSlider" />
		</GuiElement>
		<GuiElement Template="DetailUpDownTemplate" />
	</Window>

	<Window Name="3" Template="SubWindow">
		<GuiElement Type="BriefingDetail" Template="BriefPos" Name="BriefingDetail" >
			<GuiElement Template="TextSlider" />
		</GuiElement>
		<GuiElement Template="DetailUpDownTemplate" />
	</Window>	

	<Window Name="4" Template="SubWindow">
		<GuiElement Type="BriefingDetail" Template="BriefPos" Name="BriefingDetail" >
			<GuiElement Template="TextSlider" />
		</GuiElement>
		<GuiElement Template="DetailUpDownTemplate" />
	</Window>

	<Window Name="5" Template="SubWindow">
		<GuiElement Type="BriefingDetail" Template="BriefPos" Name="BriefingDetail" >
			<GuiElement Template="TextSlider" />
		</GuiElement>
		<GuiElement Template="DetailUpDownTemplate" />		
	</Window>	

	<Window Name="6" Template="SubWindow">
		<GuiElement Type="BriefingDetail" Template="BriefPos" Name="BriefingDetail" >
			<GuiElement Template="TextSlider" />
		</GuiElement>
		<GuiElement Template="DetailUpDownTemplate" />		
	</Window>	
	
	<Window Name="ObjectiveDetailsStandalone" Type="Component" Template="HM3Briefing" Background="BriefingBackground" BrowserX="94" BrowserY="143">
		<Header>
			<GuiElement Template="Header" />			
			<Platform PC="True">
				<GuiElement Type="Graphic" Name="BriefingInfoBackground" Priority="9" X="51" Y="120" />
				<GuiElement Type="Graphic" Name="BriefingDetailsBackground" Priority="9" X="450" Y="120" />
				<GuiElement Type="Frame" Frame="BriefingCenter" Priority="9" X="193" Y="116" W="254" H="287" />
				<GuiElement Type="TextBlock" Text="Information" ColorSet="Yellow" X="74" Y="134" Priority="13" />
				<GuiElement Type="TextBlock" Text="Details" ColorSet="Yellow" X="472" Y="134" Priority="13" />
			</Platform>
			<Platform XBOX="True" XENON="True">
				<GuiElement Type="Graphic" Name="BriefingInfoBackground" Priority="9" X="70" Y="120" />
				<GuiElement Type="Graphic" Name="BriefingDetailsBackground" Priority="9" X="440" Y="120" />
				<GuiElement Type="Frame" Frame="BriefingCenter" Priority="9" X="203" Y="116" W="234" H="287" />
				<GuiElement Type="TextBlock" Text="Information" ColorSet="Yellow" X="95" Y="134" Priority="13" />
				<GuiElement Type="TextBlock" Text="Details" ColorSet="Yellow" X="466" Y="134" Priority="13" />
			</Platform>			
			<Platform PS2="True">
				<GuiElement Type="Graphic" Name="BriefingInfoBackground" Priority="9" X="32" Y="121" />
				<GuiElement Type="Graphic" Name="BriefingDetailsBackground" Priority="9" X="368" Y="121" />
				<GuiElement Type="Frame" Frame="BriefingCenter" Priority="9" X="154" Y="118" W="211" H="260" />
				<GuiElement Type="TextBlock" Text="Information" ColorSet="Yellow" X="54" Y="135" Priority="13" />
				<GuiElement Type="TextBlock" Text="Details" ColorSet="Yellow" X="390" Y="135" Priority="13" />
			</Platform>
			<GuiElement Template="Legend4" />
		</Header>
		<Browser>
			<GuiElement Type="BriefingDetailButton" Window="1" Text="Objective1" Template="ObjectiveButtonPos" Y="145" ButtonGraphic="BriefingObjectiveButton" Font="Menu" />
			<GuiElement Type="BriefingDetailButton" Window="2" Text="Objective2" Template="ObjectiveButtonPos" ButtonGraphic="BriefingObjectiveButton" Font="Menu" />
			<GuiElement Type="BriefingDetailButton" Window="3" Text="Objective3" Template="ObjectiveButtonPos" ButtonGraphic="BriefingObjectiveButton" Font="Menu" />
			<GuiElement Type="BriefingDetailButton" Window="4" Text="Objective4" Template="ObjectiveButtonPos" ButtonGraphic="BriefingObjectiveButton" Font="Menu" />
			<GuiElement Type="BriefingDetailButton" Window="5" Text="Objective5" Template="ObjectiveButtonPos" ButtonGraphic="BriefingObjectiveButton" Font="Menu" />
			<GuiElement Type="BriefingDetailButton" Window="6" Text="Objective6" Template="ObjectiveButtonPos" ButtonGraphic="BriefingObjectiveButton" Font="Menu" />
		</Browser>
	</Window>

	<Window Name="HintDetails" Type="Component" Template="HM3Briefing" Background="BriefingBackground" BrowserX="94" BrowserY="143">
		<Header>
			<GuiElement Template="Header" />
			<Platform PC="True">
				<GuiElement Type="Graphic" Name="BriefingInfoBackground" Priority="9" X="51" Y="120" />
				<GuiElement Type="Graphic" Name="BriefingDetailsBackground" Priority="9" X="450" Y="120" />
				<GuiElement Type="Frame" Frame="BriefingCenter" Priority="9" X="193" Y="116" W="254" H="287" />
				<GuiElement Type="TextBlock" Text="BuyIntel" ColorSet="Yellow" X="74" Y="134" Priority="13" />
				<GuiElement Type="TextBlock" Text="CostIntel" ColorSet="Yellow" X="472" Y="134" Priority="13" /> 
				<GuiElement Template="Legend1" />
			</Platform>
			<Platform XBOX="True" XENON="True">
				<GuiElement Type="Graphic" Name="BriefingInfoBackground" Priority="9" X="70" Y="120" />
				<GuiElement Type="Graphic" Name="BriefingDetailsBackground" Priority="9" X="440" Y="120" />
				<GuiElement Type="Frame" Frame="BriefingCenter" Priority="9" X="203" Y="116" W="234" H="287" />
				<GuiElement Type="TextBlock" Text="BuyIntel" ColorSet="Yellow" X="95" Y="134" Priority="13" />
				<GuiElement Type="TextBlock" Text="CostIntel" ColorSet="Yellow" X="466" Y="134" Priority="13" /> 
				<GuiElement Template="Legend1" />
			</Platform>
			<Platform PS2="True">
				<GuiElement Type="Graphic" Name="BriefingInfoBackground" Priority="9" X="32" Y="121" />
				<GuiElement Type="Graphic" Name="BriefingDetailsBackground" Priority="9" X="368" Y="121" />
				<GuiElement Type="Frame" Frame="BriefingCenter" Priority="9" X="154" Y="118" W="211" H="260" />
				<GuiElement Type="TextBlock" Text="BuyIntel" ColorSet="Yellow" X="54" Y="135" Priority="13" />
				<GuiElement Type="TextBlock" Text="CostIntel" ColorSet="Yellow" X="390" Y="135" Priority="13" /> 
				<GuiElement Template="Legend1" />
			</Platform>
		</Header>
		<Browser>
			<GuiElement Type="HintButton" Window="Hint1" Text="Hint1" Template="ObjectiveButtonPos" ButtonGraphic="BriefingObjectiveButton" Font="Menu" />
			<GuiElement Type="HintButton" Window="Hint2" Text="Hint2" Template="ObjectiveButtonPos" ButtonGraphic="BriefingObjectiveButton" Font="Menu" />
			<GuiElement Type="HintButton" Window="Hint3" Text="Hint3" Template="ObjectiveButtonPos" ButtonGraphic="BriefingObjectiveButton" Font="Menu" />
			<GuiElement Type="HintButton" Window="Hint4" Text="Hint4" Template="ObjectiveButtonPos" ButtonGraphic="BriefingObjectiveButton" Font="Menu" />
			<GuiElement Type="HintButton" Window="Hint5" Text="Hint5" Template="ObjectiveButtonPos" ButtonGraphic="BriefingObjectiveButton" Font="Menu" />
			<GuiElement Type="HintButton" Window="Hint6" Text="Hint6" Template="ObjectiveButtonPos" ButtonGraphic="BriefingObjectiveButton" Font="Menu" />
			<GuiElement Type="HintButton" Window="Hint7" Text="Hint7" Template="ObjectiveButtonPos" ButtonGraphic="BriefingObjectiveButton" Font="Menu" />
			<GuiElement Type="HintButton" Window="Hint8" Text="Hint8" Template="ObjectiveButtonPos" ButtonGraphic="BriefingObjectiveButton" Font="Menu" />
		</Browser>
	</Window>

	<Platform PS2="True" >
		<Template Name="HintXPos" X="234" />
	</Platform>
	<Platform XBOX="True" XENON="True" PC="True">
		<Template Name="HintXPos" X="314" />
	</Platform>
	
	<Window Name="Hint1" Template="SubWindow">
		<GuiElement Type="HintDetail" Template="BriefPos" />
		<GuiElement Type="ShowVar" Template="HintXPos" Text="CostIntel" ColorSet="Yellow" Y="14" Priority="13" />
	</Window>
	<Window Name="Hint2" Template="SubWindow">
		<GuiElement Type="HintDetail" Template="BriefPos" />
		<GuiElement Type="ShowVar" Template="HintXPos" Text="CostIntel" ColorSet="Yellow" Y="14" Priority="13" />
	</Window>
	<Window Name="Hint3" Template="SubWindow">
		<GuiElement Type="HintDetail" Template="BriefPos" />
		<GuiElement Type="ShowVar" Template="HintXPos" Text="CostIntel" ColorSet="Yellow" Y="14" Priority="13" />
	</Window>	
	<Window Name="Hint4" Template="SubWindow">
		<GuiElement Type="HintDetail" Template="BriefPos" />
		<GuiElement Type="ShowVar" Template="HintXPos" Text="CostIntel" ColorSet="Yellow" Y="14" Priority="13" />
	</Window>
	<Window Name="Hint5" Template="SubWindow">
		<GuiElement Type="HintDetail" Template="BriefPos" />
		<GuiElement Type="ShowVar" Template="HintXPos" Text="CostIntel" ColorSet="Yellow" Y="14" Priority="13" />
	</Window>	
	<Window Name="Hint6" Template="SubWindow">
		<GuiElement Type="HintDetail" Template="BriefPos" />
		<GuiElement Type="ShowVar" Template="HintXPos" Text="CostIntel" ColorSet="Yellow" Y="14" Priority="13" />
	</Window>		
	<Window Name="Hint7" Template="SubWindow">
		<GuiElement Type="HintDetail" Template="BriefPos" />
		<GuiElement Type="ShowVar" Template="HintXPos" Text="CostIntel" ColorSet="Yellow" Y="14" Priority="13" />
	</Window>		
	<Window Name="Hint8" Template="SubWindow">
		<GuiElement Type="HintDetail" Template="BriefPos" />
		<GuiElement Type="ShowVar" Template="HintXPos" Text="CostIntel" ColorSet="Yellow" Y="14" Priority="13" />
	</Window>		

	<Platform PC="True">
		<Template Name="DianaTextSlider" Text="Bla" Type="TextSlider" Font="Text" LineSpace="18" Width="270" LineCount="12" Alignment="Left" ReceiveAllInput="False" />
		<Template Name="DianaSpeechPos" X="165" Y="135" />
	</Platform>
	<Platform PS2="True">
		<Template Name="DianaTextSlider" Text="Bla" Type="TextSlider" Font="Text" LineSpace="18" Width="300" LineCount="12" Alignment="Left" ReceiveAllInput="False" />
		<Template Name="DianaSpeechPos" X="100" Y="135" />
	</Platform>
	<Platform XBOX="True" XENON="True">
		<Template Name="DianaTextSlider" Text="Bla" Type="TextSlider" Font="Text" LineSpace="18" Width="260" LineCount="12" Alignment="Left" ReceiveAllInput="False" />
		<Template Name="DianaSpeechPos" X="165" Y="135" />		
	</Platform>

	<Window Name="ReplayBriefingWindow" Template="HM3Briefing" Background="BriefingBackground" >
		<GuiElement Template="Header" />
		<GuiElement Type="DianaSpeech" Name="DianaSpeech" Template="DianaSpeechPos" >
			<GuiElement Template="DianaTextSlider" />
		</GuiElement>
		<GuiElement Template="DianaSpeechUpDownTemplate" />
		<Platform PC="True">
			<GuiElement Type="Frame" Frame="BriefingCenter" Priority="9" X="158" Y="116" W="323" H="287" />
			<GuiElement Template="Legend2" />
		</Platform>
		<Platform XBOX="True" XENON="True">
			<GuiElement Type="Frame" Frame="BriefingCenter" Priority="9" X="158" Y="116" W="323" H="287" />
			<GuiElement Template="Legend2" />
		</Platform>
		<Platform PS2="True">
			<GuiElement Type="Frame" Frame="BriefingCenter" Priority="9" X="92" Y="118" W="325" H="260" />
			<GuiElement Template="Legend2" />
		</Platform>
	</Window>

	<!-- ************************************************************************************************************************ -->	
	<!-- TrainingBriefing -->
	<!-- ************************************************************************************************************************ -->	
	<Platform PC="True">
		<Window Name="TrainingBriefing" Background="StandardDialog" Frame="True" X="0" Y="100" W="640" H="240" LineSpace="3" AlignV="Top" AlignH="Center" AlignMode="Border" >
			<GuiElement Type="TrainingInfo" X="10" Y="41" Alignment="Left" Font="Text" Link="False" />
			<GuiElement Template="TrainingLegend" />
		</Window>
	</Platform>
	<Platform PS2="True">
		<Window Name="TrainingBriefing" Background="StandardDialog" Frame="True" X="0" Y="100" W="460" H="240" LineSpace="3" AlignV="Top" AlignH="Center" AlignMode="Border" >
			<GuiElement Type="TrainingInfo" X="10" Y="41" Alignment="Left" Font="Text" Link="False" />
			<GuiElement Template="TrainingLegend" />
		</Window>
	</Platform>
	<Platform XBOX="True" XENON="True">
		<Window Name="TrainingBriefing" Background="StandardDialog" Frame="True" X="0" Y="120" W="520" H="220" LineSpace="3" AlignV="Top" AlignH="Center" AlignMode="Border" >
			<GuiElement Type="TrainingInfo" X="10" Y="41" Alignment="Left" Font="Text" Link="False" />
			<GuiElement Template="TrainingLegend" />
		</Window>
	</Platform>
</Windows>
