<Windows>

	<ColorSetDefinition Name="Default" NormalColor="0xffffffff" FocusColor="0xffffffff" DisableColor="0x77777777" />

	<Window Name="ControllerLossMenu" TRC="True" TRCPrioritry="10" Background="TRCDialog" Frame="True" X="0" Y="0" W="448" H="186" LineSpace="3" Navigation="Vertical" AlignV="Center" AlignH="Center" AlignMode="Border" PopOnBack="False" >
		<GuiElement Type="Header" X="25" Y="17" />
		<Platform XBOX="True" XENON="True">
			<GuiElement Text="Dialog/ControllerLossXBOX" Type="TextBlock"  X="25" Y="45" Width="398" />
		</Platform>
		<Platform PS2="True">
			<MainIniOption Name="PS2VideoConfigPAL" Value="1">
				<GuiElement Text="Dialog/ControllerLossPS2_SCEE" Type="TextBlock"  X="25" Y="45" Width="398" />
			</MainIniOption>
			<MainIniOption Name="PS2VideoConfigPAL" Value="0">
				<GuiElement Text="Dialog/ControllerLossPS2" Type="TextBlock"  X="25" Y="45" Width="398" />
			</MainIniOption>				
		</Platform>		
		<GuiElement Text="" Type="SelectController" X="25" Link="False" ActivateButton="Start" ReceiveAllInput="True" />
	</Window>

	<Template Name="TemplatePopupStandard" X="0" Y="0" W="448" H="160" LineSpace="3" Navigation="Vertical" AlignV="Center" AlignH="Center" AlignMode="Border" />
	
	<Platform XBOX="True" XENON="True">
		
		<!-- Pull-Cable TCR screen -->
		<Window Name="OnlineWindowXboxLostMediaAccess" TRC="True" TRCPrioritry="5" Background="TRCDialog" Frame="True" Template="TemplatePopupStandard" PopOnBack="False">
			<GuiElement Type="TextBlock" Alignment="Left" X="30" Y="17" Text="Another/tcrLostConnection" />
			<GuiElement Type="TextBlock" Alignment="Center" Y="50" Text="Another/tcrCableMissing" />	
		
			<GuiElement Text="Online/ActionContinue" HackedButton="0" Type="XBoxLiveFatalErrorAccept" Font="Menu" X="440" Y="153" Alignment="Right" Link="False" ReceiveAllInput="True" />
		</Window>
		
		<Window Name="OnlineWindowXboxRegainedMediaAccess" TRC="True" Background="TRCDialog" Frame="True" Template="TemplatePopupStandard" PopOnBack="False">
			<GuiElement Type="TextBlock" Alignment="Left" X="30" Y="17" Text="Another/tcrCableInsertedHeader" />
			<GuiElement Type="TextBlock" Alignment="Center" Y="40" Text="Another/tcrCableInsertedMessage" />	
			
			<GuiElement X="430" Y="153" Alignment="Right" Type="CloseWindow" Text="Online/ActionContinue" Link="False" ReceiveAllInput="True" /> 
		</Window>

		<!-- Auto-Update TCR screen --> 
		<Window Name="OnlineWindowXboxAutoUpdate" TRC="True" TRCPrioritry="5" Background="TRCDialog" Frame="True" Template="TemplatePopupStandard" PopOnBack="False" >
			<GuiElement Type="TextBlock" X="20" Y="17" Text="Online/UpdateAvailable" />
			<GuiElement Type="TextBlock" Alignment="Center" Y="40" Text="Online/RequiredUpdate" />

			<GuiElement Text="Buttons/Back2" Type="XBoxLiveFatalErrorAccept" Font="Menu" X="5" Y="153" Alignment="Left" HackedButton="3" Link="False" ReceiveAllInput="True" />
			<GuiElement Type="OnlineXboxUpdateRequiredButton" Name="XURB" X="360" Y="153" Link="False" ReceiveAllInput="True" Text="Online/ActionContinue" />
		</Window>
		
	</Platform>

</Windows>