<Windows>
	<!-- ************************************************************************************************************************ -->	
	<!-- Colorsets, WindowTemplates and ButtonGraphics. -->
	<!-- ************************************************************************************************************************ -->	
	
	<ColorSetDefinition Name="IngameColorSet" NormalColor="0xffececec" FocusColor="0xffffffff" DisableColor="0x77777777" />

	<Platform PC="True">
		<ButtonGraphicDefinition Name="KbdButtonGraphicUp" H="14" GraphicsOnly="True">
			<GraphicElement Name="ScrollUp" AnimateAlpha="True" Priority="15" X="570" Y="290">
				<Type Value="Focus" />
			</GraphicElement>
			<GraphicElement Name="ScrollUp" AnimateAlpha="False" Priority="15" X="570" Y="290">
				<Type Value="Normal" />
			</GraphicElement>
		</ButtonGraphicDefinition>

		<ButtonGraphicDefinition Name="KbdButtonGraphicDown" GraphicsOnly="True">
			<GraphicElement Name="ScrollDown" AnimateAlpha="True" Priority="15" X="570" Y="270">
				<Type Value="Focus" />
			</GraphicElement>
			<GraphicElement Name="ScrollDown" AnimateAlpha="False" Priority="15" X="570" Y="270">
				<Type Value="Normal" />
			</GraphicElement>
		</ButtonGraphicDefinition>
		
		<Template Name="CheckBoxOffset" X="200" Y="-16" />
		
		<ButtonGraphicDefinition Name="CheckBoxChecked" H="14" GraphicsOnly="True">
			<GraphicElement Name="CheckBoxTick" AnimateAlpha="True" Priority="15" Template="CheckBoxOffset">
				<Type Value="Focus" />
			</GraphicElement>
			<GraphicElement Name="CheckBoxTick" AnimateAlpha="False" Priority="15" Template="CheckBoxOffset">
				<Type Value="Normal" />
			</GraphicElement>
			<GraphicElement Name="CheckBoxTick" AnimateAlpha="False" Priority="15" Template="CheckBoxOffset">
				<Type Value="Disabled" />
			</GraphicElement>
		</ButtonGraphicDefinition>
		<ButtonGraphicDefinition Name="CheckBoxUnchecked" H="14" GraphicsOnly="True">
			<GraphicElement Name="CheckBoxFrame" AnimateAlpha="True" Priority="15" Template="CheckBoxOffset">
				<Type Value="Focus" />
			</GraphicElement>
			<GraphicElement Name="CheckBoxFrame" AnimateAlpha="False" Priority="15" Template="CheckBoxOffset">
				<Type Value="Normal" />
			</GraphicElement>
			<GraphicElement Name="CheckBoxFrame" AnimateAlpha="False" Priority="15" Template="CheckBoxOffset">
				<Type Value="Disabled" />
			</GraphicElement>
		</ButtonGraphicDefinition>
	</Platform>
	
	<!-- *********************************************************************************************************************** -->
	<!-- Templates -->
	<!-- *********************************************************************************************************************** -->
	<Platform XBOX="True" XENON="True">
		<Template Name="LeftPosX" X="25" />
		<Template Name="RightPosX" X="375" Alignment="Right" />	
		<Template Name="BottomLeftPos" Y="293" Template="LeftPosX" />
		<Template Name="BottomCenterPos" X="200" Y="293" Alignment="Center" />	
		<Template Name="BottomRightPos" Y="293" Template="RightPosX" />
		<Template Name="HeaderElement" Type="Header" Font="Header" Template="LeftPosX" Y="18" ColorSet="IngameColorSet" />
		<Template Name="MoveCursor" Type="TextBlock" Text="" Y="23" />
		<Template Name="Header">
			<GuiElement Template="HeaderElement" />
			<GuiElement Template="MoveCursor" />
		</Template>
		<Template Name="Window" Background="IngameBackground" Frame="True" X="0" Y="0" W="400" H="300" AlignV="Center" AlignH="Center" AlignMode="Border" LineSpace="3" />
		<Template Name="CreditsWindow" X="0" Y="0" W="640" H="480" AlignV="Center" AlignH="Center" AlignMode="Border" LineSpace="3" />				
		<Template Name="Legend">
			<GuiElement Type="TextBlock" Text="Buttons/Back2" Font="Menu" Template="BottomLeftPos" />
		</Template>
		<Template Name="Legend2">
			<GuiElement Type="TextBlock" Text="Buttons/Back2" Font="Menu" Template="BottomLeftPos" />
			<GuiElement Type="TextBlock" Text="Buttons/Start2" Font="Menu" Template="BottomCenterPos" />	
			<GuiElement Type="TextBlock" Text="Buttons/Select" Font="Menu" Template="BottomRightPos" />
		</Template>
		<Template Name="Legend3">
			<GuiElement Type="TextBlock" Text="Buttons/Select2" Font="Menu" Template="BottomLeftPos" />
		</Template>
		<Template Name="Legend4">
			<GuiElement Type="TextBlock" Text="Buttons/Discard2" Font="Menu" Template="BottomLeftPos" />
			<GuiElement Type="TextBlock" Text="Buttons/AcceptAndStart2" Font="Menu" Template="BottomCenterPos" />
			<GuiElement Type="CloseWindow" Text="Buttons/Accept" Link="False" ActivateButton="ZW_SELECT4" ReceiveAllInput="True" Template="BottomRightPos"/>
		</Template>
		<Template Name="Legend5">
			<GuiElement Type="TextBlock" Text="Buttons/Discard2" Font="Menu" Template="BottomLeftPos" />
			<GuiElement Type="TextBlock" Text="Buttons/AcceptAndStart" Template="BottomCenterPos" />				
			<GuiElement Type="CloseWindow" Text="Buttons/Accept" Template="BottomRightPos" Link="False" ActivateButton="ZW_SELECT4" ReceiveAllInput="True" />
		</Template>
		<Template Name="Legend6">
			<GuiElement Type="TextBlock" Text="Buttons/Back2" Font="Menu" Template="BottomLeftPos" />
			<GuiElement Type="TextBlock" Text="Buttons/Select" Font="Menu" Template="BottomRightPos" />
		</Template>
	</Platform>
	<Platform PC="True">
		<Template Name="Window" Background="IngameBackground" Frame="True" X="0" Y="0" W="640" H="480" AlignV="Center" AlignH="Center" AlignMode="Border" LineSpace="11" />
		<Template Name="CreditsWindow" X="0" Y="0" W="1024" H="768" AlignV="Center" AlignH="Center" AlignMode="Border" LineSpace="3" />		
		<Template Name="LeftPosX" X="25" />
		<Template Name="RightPosX" X="615" />
		<Template Name="BottomLeftPos" Y="473" Template="LeftPosX" />
		<Template Name="BottomRightPos" Y="473" Template="RightPosX" Alignment="Right" />
		<Template Name="BottomCenterPos" Y="473" X="340" Alignment="Center" />			
		<Template Name="HeaderElement" Type="Header" Font="Header" Template="LeftPosX" Y="18" ColorSet="IngameColorSet" />
		<Template Name="MoveCursor" Type="TextBlock" Text="" Y="23" />
		<Template Name="ButtonDialog" X="0" Y="0" W="350" H="200" AlignV="Center" AlignH="Center" AlignMode="Border" LineSpace="3" Dialog="True" Background="SaveLoadDialog" Frame="True" />		
		<Template Name="Header">
			<GuiElement Template="HeaderElement" />
			<GuiElement Template="MoveCursor" />
		</Template>
		<Template Name="ButtonCfgHeader">
			<GuiElement Template="HeaderElement" />
			<GuiElement Type="TextBlock" Text="" Y="10" />
		</Template>
		<Template Name="Legend">
			<GuiElement Type="CloseWindow" Text="Buttons/Back" Font="Menu" Template="BottomLeftPos" ColorSet="IngameColorSet" />
		</Template>
		<Template Name="Legend2">
			<GuiElement Template="Legend" />
		</Template>
		<Template Name="Legend3">
		</Template>
		<Template Name="Legend4">
			<Navigation Navigation="Horizontal">
				<GuiElement Type="CloseWindowOptions" SaveOptions="True" Text="Buttons/Accept" Font="Menu" Template="BottomLeftPos" ColorSet="IngameColorSet" />	
				<GuiElement Type="CloseWindow" Cancel="True" Text="Buttons/Cancel2" Template="BottomRightPos" />
			</Navigation>	
		</Template>
		<Template Name="Legend5">
			<Navigation Navigation="Horizontal">
				<GuiElement Type="CloseWindowOptions" SaveOptions="True" Text="Buttons/Accept" Font="Menu" Template="BottomLeftPos" />	
				<GuiElement Type="CloseWindow" Cancel="True" Text="Buttons/Cancel2" Template="BottomRightPos" />
			</Navigation>	
			<GuiElement Template="Logo" />		
		</Template>
		<Template Name="Legend6">
			<GuiElement Template="Legend" />
		</Template>
		<Template Name="ButtonConfigurationLegend">
			<Navigation Navigation="Horizontal">
				<GuiElement Type="CloseWindowOptions" SaveOptions="True" Text="Buttons/Accept" Font="Menu" Template="BottomLeftPos" />
				<GuiElement Type="DefaultButton" Text="Buttons/Default" Font="Menu" Template="BottomCenterPos" />
				<GuiElement Type="CloseWindow" Cancel="True" Text="Buttons/Cancel2" Template="BottomRightPos" />
			</Navigation>	
		</Template>
	</Platform>
	<Platform PS2="True">
		<Template Name="LeftPosX" X="15"  />
		<Template Name="LeftPosX2" X="115"  />
		<Template Name="RightPosX" X="385" />
		<Template Name="RightPosX2" X="285" />	
		<Template Name="BottomLeftPos" Y="293" Template="LeftPosX" />
		<Template Name="BottomLeftPos2" Y="293" Template="LeftPosX2" />
		<Template Name="BottomRightPos" Y="293" Template="RightPosX" Alignment="Right" />
		<Template Name="BottomRightPos2" Y="293" Template="RightPosX2" Alignment="Right" />
		<Template Name="BottomCenterPos" Y="293" Alignment="Center" />
		<Template Name="Window" Background="IngameBackground" Frame="True" X="0" Y="0" W="400" H="300" AlignV="Center" AlignH="Center" AlignMode="Border" LineSpace="3" />
		<Template Name="CreditsWindow" X="0" Y="0" W="512" H="448" AlignV="Center" AlignH="Center" AlignMode="Border" LineSpace="3" />		
		<Template Name="HeaderElement" Type="Header" Font="Header" X="25" Y="18" ColorSet="IngameColorSet" />
		<Template Name="MoveCursor" Type="TextBlock" Text="" Y="23" />
		<Template Name="Header">
			<GuiElement Template="HeaderElement" />
			<GuiElement Template="MoveCursor" />
		</Template>
		<Template Name="Legend">
			<GuiElement Type="TextBlock" Text="Buttons/Back2" Font="Menu" Template="BottomLeftPos" />
		</Template>
		<Template Name="Legend2">
			<GuiElement Type="TextBlock" Text="Buttons/Back2" Font="Menu" Template="BottomLeftPos" />
			<GuiElement Type="TextBlock" Text="Buttons/Start2" Font="Menu" Template="BottomCenterPos" />
			<GuiElement Type="TextBlock" Text="Buttons/Select" Font="Menu" Template="BottomRightPos" />
		</Template>
		<Template Name="Legend3">
			<GuiElement Type="TextBlock" Text="Buttons/Select2" Font="Menu" Template="BottomLeftPos" />
		</Template>
		<Template Name="Legend4">
			<GuiElement Type="TextBlock" Text="Buttons/Discard2" Template="BottomLeftPos" Link="False" ActivateButton="ZW_CANCEL" ReceiveAllInput="True" />	
			<GuiElement Type="TextBlock" Text="Buttons/Select2" Font="Menu" Template="BottomLeftPos2" />
			<GuiElement Type="TextBlock" Text="Buttons/AcceptAndStart2" Font="Menu" X="305" Template="BottomRightPos2" />
			<GuiElement Type="CloseWindow" Text="Buttons/Accept" Link="False" ActivateButton="ZW_SELECT4" ReceiveAllInput="True" Template="BottomRightPos" />
		</Template>		
		<Template Name="Legend5">
			<GuiElement Type="TextBlock" Text="Buttons/Discard2" Template="BottomLeftPos" />	
			<GuiElement Type="TextBlock" Text="Buttons/AcceptAndStart" Template="BottomCenterPos" />	
			<GuiElement Type="CloseWindow" Text="Buttons/Accept" Template="BottomRightPos" Link="False" ActivateButton="ZW_SELECT4" ReceiveAllInput="True" />
		</Template>		
		<Template Name="Legend6">
			<GuiElement Type="TextBlock" Text="Buttons/Back2" Font="Menu" Template="BottomLeftPos" />
			<GuiElement Type="TextBlock" Text="Buttons/Select" Font="Menu" Template="BottomRightPos" />
		</Template>
		<Template Name="Legend7">
			<GuiElement Type="TextBlock" Text="Buttons/Discard2" Template="BottomLeftPos" Link="False" ActivateButton="ZW_CANCEL" ReceiveAllInput="True" />	
			<GuiElement Type="ResetScreenOffset" Text="Buttons/Default2" Font="Menu" Template="BottomLeftPos2" Link="False" ActivateButton="ZW_SELECT2" ReceiveAllInput="True" />
			<GuiElement Type="TextBlock" Text="Buttons/AcceptAndStart2" Font="Menu" X="305" Template="BottomRightPos2" />
			<GuiElement Type="CloseWindow" Text="Buttons/Accept" Link="False" ActivateButton="ZW_SELECT4" ReceiveAllInput="True" Template="BottomRightPos" />
		</Template>		
	</Platform>

	<ButtonGraphicDefinition Name="SliderGraphic" GraphicsOnly="False" TextOffsetX="0" TextOffsetY="0" TextAlignment="Left" H="18" />
	<Template Name="Slider" Template="LeftPosX" SliderOffset="150" ButtonGraphic="SliderGraphic" />

	<Window Name="CreditsMenu" Template="CreditsWindow" PauseEngine="False" PopOnBack="False">
		<Platform PC="True">
			<GuiElement Name="CreditsText" Text="CreditsText" Type="TextCredits" Width="320" LineCount="13" Alignment="Left" X="512" Y="155" StartCreditsM13="True" />
		</Platform>
		<Platform XBOX="True" XENON="True">
			<GuiElement Name="CreditsText" Text="CreditsText" Type="TextCredits" Width="320" LineCount="13" Alignment="Left" X="320" Y="65" StartCreditsM13="True" />
		</Platform>
		<Platform PS2="True">
			<GuiElement Name="CreditsText" Text="CreditsText" Type="TextCredits" Width="320" LineCount="13" Alignment="Left" X="256" Y="65" StartCreditsM13="True" />
		</Platform>
	</Window>

	<Window Name="CreditsEndMenu" Template="CreditsWindow" PopOnBack="False">
		<GuiElement Type="BackgroundCameraClear" UseAlways="True" />
		<GuiElement Type="FadeGraphic" Graphic="CreditsBackground" FadeUpTime="2" OnScreenTime="-1"/>	
		<Platform PC="True">
			<GuiElement Text="CreditsText" Type="TextCredits" Width="320" LineCount="13" Alignment="Left" X="512" Y="155" EndCreditsM13="True" />
			<GuiElement Text="Continue" Type="CompleteMission" Font="Menu" X="512" Y="609" Alignment="Center" TakeFocus="False" FadeUpTime="2" />
		</Platform>
		<Platform XBOX="True" XENON="True">
			<GuiElement Text="CreditsText" Type="TextCredits" Width="320" LineCount="13" Alignment="Left" X="320" Y="65" EndCreditsM13="True" />
			<GuiElement Text="Buttons/Continue2" Type="CompleteMission" Font="Menu" X="320" Y="343" Alignment="Center" TakeFocus="False" FadeUpTime="2" ReceiveAllInput="True" ActivateButton="ZW_SELECT" />			
		</Platform>
		<Platform PS2="True">
			<GuiElement Text="CreditsText" Type="TextCredits" Width="320" LineCount="13" Alignment="Left" X="256" Y="65" EndCreditsM13="True" />
			<GuiElement Text="Buttons/Continue2" Type="CompleteMission" Font="Menu" X="256" Y="343" Alignment="Center" TakeFocus="False" FadeUpTime="2" ReceiveAllInput="True" ActivateButton="ZW_SELECT" />						
		</Platform>
	</Window>

	<!-- ************************************************************************************************************************ -->
	<!-- Sound Options -->
	<!-- ************************************************************************************************************************ -->

	<ColorSetDefinition Name="OptionsColorSet" NormalColor="0xffececec" FocusColor="0xffffffff" />

	<ButtonGraphicDefinition Name="SliderGraphic" GraphicsOnly="False" TextOffsetX="0" TextOffsetY="0" TextAlignment="Left" H="18" />	

	<Platform XBOX="True" XENON="True" PC="True">
		<Template Name="SoundSlider"  X="25" LowerBound="0" UpperBound="100" Step="5" SliderOffset="160" SliderSize="100" ButtonGraphic="SliderGraphic" Type="Slider"  />
	</Platform>
	
	<Platform PS2="True">
		<Template Name="SoundSlider"  X="25" LowerBound="0" UpperBound="100" Step="5" SliderOffset="120" SliderSize="100" ButtonGraphic="SliderGraphic" Type="Slider"  />
	</Platform>
	
	<Window Name="SoundMenu" Template="Window">
		<GuiElement Template="Header" />	
			<GuiElement Option="Audio_Volume_Sfx"		Text="Options/SfxVolume"		Template="SoundSlider" />
			<GuiElement Option="Audio_Volume_Dialog"	Text="Options/SpeechVolume"		Template="SoundSlider" />
			<GuiElement Option="Audio_Volume_Music"		Text="Options/MusicVolume"		Template="SoundSlider" />
			<GuiElement Option="Audio_Volume_Ambience"	Text="Options/AmbienceVolume"	Template="SoundSlider" />
			<GuiElement Option="Audio_Volume_Movie"	Text="Options/MovieVolume"	Template="SoundSlider" />
		<GuiElement Template="Legend5" />
	</Window>
	<Window Name="OptionMenu" Template="Window">
		<GuiElement Template="Header" />
		<GuiElement Type="OpenWindow" Text="Sound" Window="SoundMenu" Template="LeftPosX" />
		<GuiElement Type="OpenWindow" Text="Graphic" Window="GraphicMenu" Template="LeftPosX"  />
		<GuiElement Type="OpenWindow" Text="Controls" Window="ControlsMenu" Template="LeftPosX"  />
		<GuiElement Template="Legend2" />
	</Window>

	<Template Name="CheckBoxTemplate" Type="CheckBox" BGChecked="CheckBoxChecked" BGUnchecked="CheckBoxUnchecked" Template="LeftPosX" />

	<Window Name="GraphicMenu" Template="Window">
		<GuiElement Template="Header" />
		<GuiElement Template="CheckBoxTemplate" Option="ShowBlood" Text="Options/ShowBlood" />
		<GuiElement Template="CheckBoxTemplate" Option="Subtitles" Text="Options/Subtitles" />	
		<GuiElement Template="CheckBoxTemplate" Option="PipCam" Text="Options/PipCam" />
	
		<Platform PS2="True">	
			<GuiElement Type="OpenWindow" Window="AdjustScreenMenu" Text="Options/AdjustScreen" Template="LeftPosX"/>
		</Platform>
		
		<Platform PC="True">
			<GuiElement Type="OpenWindow" Window="RenderOptionMenu" Text="Headers/RenderOptionMenu" Template="LeftPosX"/>		
		</Platform>

		<GuiElement Template="Legend4"/>
	</Window>

	<Template Name="RenderSlider" Template="Slider" SliderOffset="203" />

	<Window Name="RenderOptionMenu" LineSpace="8" Template="Window">
		<GuiElement Template="Header"/>	
		<GuiElement Type="SliderText" Option="GfxRenderQuality" Text="Options/RenderQuality" Template="RenderSlider" LowerBound="0" UpperBound="4" Step="1" SliderSize="50" ButtonGraphic="SliderGraphic">
			<ToggleTextItem Text="Options/Low" />
			<ToggleTextItem Text="Options/Medium" />
			<ToggleTextItem Text="Options/High" />
			<ToggleTextItem Text="Options/UltraHigh" />
			<ToggleTextItem Text="Options/Custom" />
		</GuiElement>
		<!-- GuiElement Template="CheckBoxTemplate" Option="GfxEnableShadows" Text="Options/PC/EnableShadows" /-->
		<GuiElement Type="SliderText" Option="ShadowDetail" Text="Options/PC/EnableShadows" Template="RenderSlider" LowerBound="0" UpperBound="2" Step="1" SliderSize="50" ButtonGraphic="SliderGraphic" >
			<ToggleTextItem Text="Options/PC/None" />
			<ToggleTextItem Text="Options/PC/Hero" />
			<ToggleTextItem Text="Options/PC/AllCharacters" />
		</GuiElement>
		<GuiElement Template="CheckBoxTemplate" Option="SelfShadows" Text="Options/PC/SelfShadowing" />		
		<GuiElement Type="HM3ToggleOption" Option="BlurShadows" Text="Options/PC/DropShadowQuality" OptionOffset="200" Template="LeftPosX" >
			<ToggleTextItem Text="Options/PC/Soft" />
			<ToggleTextItem Text="Options/PC/Hard" />
		</GuiElement>
		<GuiElement Type="SliderText" Option="PostFilterLOD" Text="Options/PC/PostFilters" Template="RenderSlider" LowerBound="0" UpperBound="2" Step="1" SliderSize="50" ButtonGraphic="SliderGraphic" >
			<ToggleTextItem Text="Options/PC/Disabled" />
			<ToggleTextItem Text="Options/PC/Low" />
			<ToggleTextItem Text="Options/PC/HighPostFilters" />
		</GuiElement>
		<GuiElement Type="SliderText" Option="LevelOfDetail" Text="Options/PC/LevelOfDetail" Template="RenderSlider" LowerBound="0" UpperBound="2" Step="1" SliderSize="50" ButtonGraphic="SliderGraphic" >
			<ToggleTextItem Text="Options/PC/Low" />
			<ToggleTextItem Text="Options/PC/Medium" />
			<ToggleTextItem Text="Options/PC/High" />
		</GuiElement>
		<GuiElement Type="Slider" Option="GammaValue" Text="Options/PC/Gamma" Template="RenderSlider" LowerBound="5" UpperBound="15" Step="1" SliderSize="50" ButtonGraphic="SliderGraphic" DisplayAsFloat="True" FloatMultiplier="0.1" />		
		<GuiElement Type="SliderText" Option="Anisotropy" Text="Options/PC/AnisotropyFiltering" Template="RenderSlider" LowerBound="0" UpperBound="4" Step="1" SliderSize="50" ButtonGraphic="SliderGraphic" UseOptionText="True" />
		<GuiElement Template="CheckBoxTemplate" Option="EnableVSync" Text="Options/PC/VSync" />
		<GuiElement Type="SliderText" Option="Antialias" Text="Options/PC/Antialiasing" Template="RenderSlider" LowerBound="0" UpperBound="3" Step="1" SliderSize="50" ButtonGraphic="SliderGraphic" UseOptionText="True" />
		<GuiElement Type="ResetRenderDefault" Text="Options/PC/ResetToDefault" Template="LeftPosX"/>
		<Navigation Navigation="Horizontal">
			<GuiElement Type="CloseWindowOptions" SaveOptions="True" SaveToMainIni="True" Text="Buttons/Accept" Font="Menu" Template="BottomLeftPos" ColorSet="IngameColorSet" />	
			<GuiElement Type="CloseWindow" Cancel="True" Text="Buttons/Cancel2" Template="BottomRightPos" />
		</Navigation>	
	</Window>	

<!--
	<Window Name="GraphicMenu" Template="Window">
		<GuiElement Template="Header" />
		
		<GuiElement Type="ToggleTextSimple" Option="ShowBlood" Text="Options/ShowBlood" Template="LeftPosX"  >
			<ToggleTextItem Text="Options/No" />
			<ToggleTextItem Text="Options/Yes" />
		</GuiElement>
	
		<GuiElement Type="ToggleTextSimple" Option="Subtitles" Text="Options/Subtitles" Template="LeftPosX"  >
			<ToggleTextItem Text="Options/No" />
			<ToggleTextItem Text="Options/Yes" />
		</GuiElement>
		
		<GuiElement Type="ToggleTextSimple" Option="PipCam" Text="Options/PipCam" Template="LeftPosX"  >
			<ToggleTextItem Text="Options/No" />
			<ToggleTextItem Text="Options/Yes" />
		</GuiElement>

		<Platform PS2="True">	
			<GuiElement Type="OpenWindow" Window="AdjustScreenMenu" Text="Options/AdjustScreen" Template="LeftPosX"  />
		</Platform>
		
		<GuiElement Template="Legend4" />
	</Window>
-->

	
	<Window Name="ControlsMenu" Template="Window">
		<GuiElement Template="Header" />
		<GuiElement Type="ToggleTextSimple" Option="InvertVertical" Text="Options/InvertVertical" Template="LeftPosX"  >
			<ToggleTextItem Text="Options/No" />
			<ToggleTextItem Text="Options/Yes" />			
		</GuiElement>
		<GuiElement Type="ToggleTextSimple" Option="AutoCrouchWhenTighteningFiberWire" Text="Options/AutoCrouchWhenTighteningFiberWire" Template="LeftPosX"  >
			<ToggleTextItem Text="Options/No" />
			<ToggleTextItem Text="Options/Yes" />			
		</GuiElement>
	
		<Platform XBOX="True" XENON="True" PS2="True">
			<!--
			<GuiElement Type="ToggleTextSimple" Option="Invert" Text="Options/SwitchStick" Template="LeftPosX" >
				<ToggleTextItem Text="Options/Yes" />
				<ToggleTextItem Text="Options/No" />
			</GuiElement>
			-->	
			<GuiElement Type="ToggleTextSimple" Option="Vibration" Text="Options/Vibration" Template="LeftPosX"  >
				<ToggleTextItem Text="Options/No" />
				<ToggleTextItem Text="Options/Yes" />
			</GuiElement>
			<GuiElement Type="ToggleTextSimple" Option="AutoAim" Text="Options/Autoaim" Template="LeftPosX"  >
				<ToggleTextItem Text="Options/No" />			
				<ToggleTextItem Text="Options/Yes" />
			</GuiElement>
		</Platform>
		<Platform PC="True">	
			<GuiElement Option="MouseSensitivity" Text="Options/MouseSensitivity" Template="Slider" LowerBound="1" UpperBound="10" Step="1" SliderSize="100" ButtonGraphic="SliderGraphic" Type="Slider"  />
			<GuiElement Type="OpenWindow" Text="Options/ButtonConfiguration" Window="ButtonConfiguration" Template="LeftPosX"  />			
		</Platform>
		<Platform PS2="True" XBOX="True" XENON="True">	
			<GuiElement Option="MouseSensitivity" Text="Options/TurnSpeed" Template="Slider" LowerBound="1" UpperBound="10" Step="1" SliderSize="100" ButtonGraphic="SliderGraphic" Type="Slider"  />
		</Platform>
		<Platform PS2="True" XBOX="True" XENON="True">		
			<GuiElement Template="Legend4" />
		</Platform>			
		<Platform PC="True">	
			<Navigation Navigation="Horizontal">
				<GuiElement Type="CloseWindowOptions" SaveOptions="True" Text="Buttons/Accept" Font="Menu" Template="BottomLeftPos" ColorSet="IngameColorSet" />
				<GuiElement Type="CloseWindow" SaveOptions="True" Cancel="True" Text="Buttons/Cancel2" Template="BottomRightPos" />
			</Navigation>	
		</Platform>
		
	</Window>

	<Window Name="AdjustScreenMenu" Template="Window">
		<GuiElement Template="Header" />
		<GuiElement Type="AdjustScreen" Template="LeftPosX" Text="Options/AdjustScreenHelpText" Speed="2" Width="250"  />
		<GuiElement Template="Legend7" />
	</Window>
	<Platform PC="True">
		<Window Name="ButtonConfiguration" Template="Window">
			<GuiElement Template="ButtonCfgHeader" />
				<GuiElement Type="GUIList" ButtonGraphicUp="KbdButtonGraphicUp" ButtonGraphicDown="KbdButtonGraphicDown" Interface="ButtonConfigurationList" Window="ButtonConfigurationDialog" >
				<ItemLine SizeY="22">
					<GuiElement Type="TextBlock" Y="0" Template="LeftPosX" />	
					<GuiElement Type="TextBlock" Y="0" X="350" />
				</ItemLine>
			</GuiElement>				
			<GuiElement Template="ButtonConfigurationLegend" />
			<GuiElement Template="Logo" />
		</Window>

		<Window Name="ButtonConfigurationDialog" Template="ButtonDialog" >
			<GuiElement Type="TextBlock" Text="Options/PressNewButton" Font="Menu" Y="100" Alignment="Center" />
			<GuiElement Type="NewButton" />
		</Window>	
	</Platform>
	<!-- ************************************************************************************************************************ -->	
	<!-- Windows -->
	<!-- ************************************************************************************************************************ -->	

	<!-- Ingame Menu  -->
	<Window Name="IngameMenu" Template="Window" RollBackMark="True">
		<GuiElement Template="Header" />
		<Platform XBOX="True" XENON="True">
			<GuiElement Template="AutoLoginElementTemplate" />
		</Platform>
		<GuiElement Type="CloseWindow" Text="Buttons/ResumeGame" Template="LeftPosX" ColorSet="IngameColorSet" />
		<GuiElement Type="OpenWindow" Window="OptionMenu" Text="Options/Options" Template="LeftPosX" ColorSet="IngameColorSet" />
		<GuiElement Type="OpenWindow" Text="Buttons/Restart" Window="RestartConfirmationDialog" Template="LeftPosX" ColorSet="IngameColorSet" />		
		<Platform PC="True">
			<GuiElement Type="LimitSaves" LoadDisable="True" Text="SaveLoad/LoadGame" Window="LoadGameCheckMenu" LimitSaveDialog="LimitSaveDialog" Template="LeftPosX" ColorSet="IngameColorSet" />			
			<GuiElement Type="LimitSaves" Text="SaveLoad/SaveGame" Window="SaveGameCheckMenu" LimitSaveDialog="LimitSaveDialog" Template="LeftPosX" ColorSet="IngameColorSet" />
		</Platform>
		<Platform PS2="True">
			<GuiElement Type="LimitSaves" LoadDisable="True" Text="SaveLoad/LoadGame" Window="LoadGameCheckMenu" LimitSaveDialog="LimitSaveDialog" Template="LeftPosX" ColorSet="IngameColorSet" />			
			<GuiElement Type="LimitSaves" Text="SaveLoad/SaveGame" Window="SaveConfirmationMenu" LimitSaveDialog="LimitSaveDialog" Template="LeftPosX" ColorSet="IngameColorSet" />
		</Platform>
		<Platform XBOX="True" XENON="True">
			<GuiElement Type="LimitSaves" LoadDisable="True" Text="SaveLoad/LoadGame" Window="SelectLoadGameMenu" LimitSaveDialog="LimitSaveDialog" Template="LeftPosX" ColorSet="IngameColorSet" />					
			<GuiElement Type="LimitSaves" Text="SaveLoad/SaveGame" Window="SelectSaveGameMenu" LimitSaveDialog="LimitSaveDialog" Template="LeftPosX" ColorSet="IngameColorSet" />
		</Platform>
		<Platform XBOX="True" XENON="True">
			<GuiElement Type="OpenLicenseWindow" Text="Online/ManageFriends" Window="OnlineWindow100ingame" Path="Friends" Template="LeftPosX" ColorSet="IngameColorSet" />
			<GuiElement Type="OnlineXboxAppearOffline" Template="LeftPosX" ColorSet="IngameColorSet" />
			<GuiElement Type="OnlineXboxVoiceThroughSpeakers" Template="LeftPosX"  />
			<GuiElement Type="OnlineXboxSignOut" Window="OnlineXboxSignOut" Text="Online/SignOut" Template="LeftPosX" />
		</Platform>
		<GuiElement Type="OpenWindow" Text="QuitGame" Window="QuitGameConfirmationDialog" Template="LeftPosX" ColorSet="IngameColorSet" />
		<GuiElement Template="Legend2" />
		
		<Platform XBOX="True" XENON="True">
			<GuiElement Name="PendingFriendInvite" Type="ZPendingFriendInviteAlert" X="205" Y="105" />
			<GuiElement Name="PendingGameInvite" Type="ZPendingGameInviteAlert" X="170" Y="105" />
		</Platform>
						
	</Window>
	
	<Window Name="MissionFailedMenu" Template="Window" PopOnBack="False" RollBackMark="True">
		<GuiElement Template="Header" />
		<GuiElement Type="GeneralTextBlock" Name="MissionFailedReason" Template="LeftPosX" Width="400" ColorSet="IngameColorSet" />
		<GuiElement Type="OpenWindow" Text="Buttons/Restart" Window="RestartDialog" Template="LeftPosX" ColorSet="IngameColorSet" />		
		<Platform PS2="True" PC="True">
			<GuiElement Type="SaveLoadDisable" Text="SaveLoad/LoadGame" Window="LoadGameCheckMenu" Template="LeftPosX" ColorSet="IngameColorSet" />			
		</Platform>
		<Platform XBOX="True" XENON="True">
			<GuiElement Type="SaveLoadDisable" Text="SaveLoad/LoadGame" Window="SelectLoadGameMenu" Template="LeftPosX" ColorSet="IngameColorSet" />					
		</Platform>
		<GuiElement Type="OpenWindow" Text="QuitGame" Window="QuitGameDialog" Template="LeftPosX" ColorSet="IngameColorSet" />
		<GuiElement Template="Legend3" />				
	</Window>
	
	<!-- Restart Confirmation dialog -->
	<Window Name="RestartConfirmationDialog" Template="Window">
		<GuiElement Template="Header" />
		<Platform XBOX="True" XENON="True" PS2="True">
			<GuiElement Type="TextBlock" Text="Dialog/RestartConfirmationSaveGameLoss" Template="LeftPosX" Width="300" />
		</Platform>
		<Platform PC="True">
			<GuiElement Type="TextBlock" Text="Dialog/RestartConfirmationSaveGameLoss" Template="LeftPosX" />
		</Platform>
	
		<Navigation Navigation="Horizontal">
			<GuiElement Type="LoadScene" Text="Buttons/Yes" Scene="CurrentScene" ColorSet="IngameColorSet" TakeFocus="False" Template="LeftPosX" />
			<GuiElement Type="CloseWindow" Text="Buttons/No" ColorSet="IngameColorSet"/>
		</Navigation>
		<GuiElement Template="Legend6" />
	</Window>

	<!-- Quit Game Confirmation dialog -->
	<Window Name="QuitGameConfirmationDialog" Template="Window">
		<GuiElement Template="Header" />
		<Platform XBOX="True" XENON="True" PS2="True">
			<GuiElement Type="TextBlock" Text="Dialog/QuitGameConfirmation" Template="LeftPosX" Width="300" />
		</Platform>
		<Platform PC="True">
			<GuiElement Type="TextBlock" Text="Dialog/QuitGameConfirmation" Template="LeftPosX" />
		</Platform>
		<Navigation Navigation="Horizontal">
			<GuiElement Type="QuitLevel" Text="Buttons/Yes" Scene="HitmanBloodMoney" ColorSet="IngameColorSet" TakeFocus="False" Template="LeftPosX" />
			<GuiElement Type="CloseWindow" Text="Buttons/No" ColorSet="IngameColorSet"/>
		</Navigation>
		<GuiElement Template="Legend6" />
	</Window>
	
	<!-- Quit Game Confirmation dialog -->
	<Window Name="QuitGameDialog" Template="Window">
		<GuiElement Template="Header" />
		<Platform XBOX="True" XENON="True" PS2="True">
			<GuiElement Type="TextBlock" Text="Dialog/QuitGameConfirmationDie" Template="LeftPosX" Width="300" />
		</Platform>
		<Platform PC="True">
			<GuiElement Type="TextBlock" Text="Dialog/QuitGameConfirmationDie" Template="LeftPosX" />
		</Platform>
		<Navigation Navigation="Horizontal">
			<GuiElement Type="QuitLevel" Text="Buttons/Yes" Scene="HitmanBloodMoney" ColorSet="IngameColorSet" TakeFocus="False" Template="LeftPosX" />
			<GuiElement Type="CloseWindow" Text="Buttons/No" ColorSet="IngameColorSet"/>
		</Navigation>
		<GuiElement Template="Legend6" />
	</Window>
	
		<!-- Restart Confirmation dialog -->
	<Window Name="RestartDialog" Template="Window">
		<GuiElement Template="Header" />
		<Platform XBOX="True" XENON="True" PS2="True">
			<GuiElement Type="TextBlock" Text="Dialog/AreYouSureSaveGameLoss" Template="LeftPosX" Width="300" />
		</Platform>
		<Platform PC="True">
			<GuiElement Type="TextBlock" Text="Dialog/AreYouSureSaveGameLoss" Template="LeftPosX" />
		</Platform>
	
		<Navigation Navigation="Horizontal">
			<GuiElement Type="LoadScene" Text="Yes" Scene="CurrentScene" ColorSet="IngameColorSet" TakeFocus="False" Template="LeftPosX" />
			<GuiElement Type="CloseWindow" Text="No" ColorSet="IngameColorSet"/>
		</Navigation>
		<GuiElement Template="Legend6" />		
	</Window>

	<!-- ************************************************************************************************** -->
	<!-- Save load ingame -->
	<!-- ************************************************************************************************** -->

	<ColorSetDefinition Name="Profile" NormalColor="0xffc1ab72" FocusColor="0xffc1ab72" />
	<Platform PS2="True">
		<Template Name="SaveLoadWindow" X="0" Y="0" W="512" H="448" AlignV="Center" AlignH="Center" AlignMode="Border" LineSpace="3" />
		<Template Name="SaveLoadDialog" X="0" Y="0" W="350" H="250" AlignV="Center" AlignH="Center" AlignMode="Border" LineSpace="3" Dialog="True" Background="SaveLoadDialog" Frame="True"/>	
		<Template Name="SaveLoadBackground" Type="Frame" Frame="SaveLoadBackground" W="360" H="243" X="76" Y="60" />
		<Template Name="SaveLoadLeftPos" X="90" />
		<Template Name="SaveLoadTop">
			<GuiElement Type="Graphic" Name="Dots*" Y="35" X="256" />			
			<GuiElement Type="ProfileName" Font="Menu" X="430" Y="50" Alignment="Right" />
			<GuiElement Type="TextBlock" Text="" Y="80" />
		</Template>
		<Template Name="SaveLoadTopLeftPos" Template="SaveLoadLeftPos" Y="110" />
		<Template Name="SaveLoadButton" Template="SaveLoadLeftPos" ColorSet="Profile" />
		<Template Name="SaveLoadButtonTop" Template="SaveLoadTopLeftPos" Y="110" ColorSet="Profile" />
		<Template Name="SaveLoadDialogLeftPos" X="10" />
		<Template Name="SaveLoadDialogTopLeftPos" Template="SaveLoadDialogLeftPos" Y="50" Width="350" />
		<Template Name="SaveLoadHeader" Type="Header" X="80" Y="50" Font="Header" />
		<Template Name="SaveLoadSubHeader" X="98" Y="77" />
		<Template Name="SaveLoadDialogLegend">
			<GuiElement Type="TextBlock" Text="Buttons/Select2" Font="Menu" Y="243" X="10" />
		</Template>
		<Template Name="SaveLoadLegend">
			<GuiElement Type="TextBlock" Text="Buttons/Select2" Font="Menu" Y="324" X="90" />
		</Template>
		<Template Name="SaveLoadLegend2">
			<GuiElement Type="TextBlock" Text="Buttons/Select2" Font="Menu" Y="323" X="90" />
			<GuiElement Type="TextBlock" Text="Buttons/Back" Font="Menu" Y="323" Alignment="Right" X="422" />
		</Template>
		<Template Name="Top">
			<GuiElement Type="Graphic" Name="Dots*" Y="35" X="256" />			
			<GuiElement Type="TextBlock" Text="" Y="80" />
		</Template>
		<Template Name="LowerDots">
			<GuiElement Type="Graphic" Name="Dots*" Y="310" X="256" />		
		</Template>
	</Platform>
	<Platform PC="True">
		<Template Name="SaveLoadWindow" X="0" Y="0" W="1024" H="768" AlignV="Center" AlignH="Center" AlignMode="Border" LineSpace="3" />
		<Template Name="SaveLoadDialog" X="0" Y="0" W="350" H="200" AlignV="Center" AlignH="Center" AlignMode="Border" LineSpace="3" Dialog="True" Background="SaveLoadDialog" Frame="True"/>	
		<Template Name="SaveLoadBackground" Type="Frame" Frame="SaveLoadBackground" W="560" H="480" X="232" Y="100" />
		<Template Name="SaveLoadLeftPos" X="246" />
		<Template Name="SaveLoadTop">
			<GuiElement Type="Graphic" Name="Dots*" X="512" Y="65" />
			<GuiElement Type="ProfileName" Font="Menu" X="776" Y="81" Alignment="Right" />
			<GuiElement Type="TextBlock" Text="" Y="136" />
		</Template>
		<Template Name="SaveLoadTopLeftPos" Template="SaveLoadLeftPos" Y="150" />
		<Template Name="SaveLoadButton" Template="SaveLoadLeftPos" ColorSet="Profile" />
		<Template Name="SaveLoadButtonTop" Template="SaveLoadTopLeftPos" Y="150" ColorSet="Profile" />
		<Template Name="SaveLoadDialogLeftPos" X="10" Y="192" />
		<Template Name="SaveLoadDialogTopLeftPos" Template="SaveLoadDialogLeftPos" Y="50" Width="290" />
		<Template Name="SaveLoadHeader" Type="Header" X="240" Y="81" Font="Header" />
		<Template Name="SaveLoadSubHeader" X="256" Y="117" />
		<Template Name="SaveLoadDialogLegend">
		</Template>
		<Template Name="SaveLoadLegend2">
			<GuiElement Type="CloseWindow" Text="Buttons/Back" Font="Menu" X="240" Y="610" />	
		</Template>
	</Platform>
	<Platform XBOX="True" XENON="True">
		<Template Name="SaveLoadWindow" X="0" Y="0" W="640" H="448" AlignV="Center" AlignH="Center" AlignMode="Border" LineSpace="3" />
		<Template Name="SaveLoadDialog" X="0" Y="0" W="350" H="200" AlignV="Center" AlignH="Center" AlignMode="Border" LineSpace="3" Dialog="True" Background="SaveLoadDialog" Frame="True"/>
		<Template Name="SaveLoadBackground" Type="Frame" Frame="SaveLoadBackground" W="488" H="243" X="76" Y="60" />
		<Template Name="SaveLoadLeftPos" X="90" />
		<Template Name="SaveLoadTop">
			<GuiElement Type="Graphic" Name="Dots*" Y="35" X="320" />			
			<GuiElement Type="ProfileName" Font="Menu" X="550" Y="50" Alignment="Right" />
			<GuiElement Type="HDStatus" Font="Menu" X="90" Y="297" Width="500"/>
			<GuiElement Type="TextBlock" Text="" Y="80" />
		</Template>
		<Template Name="SaveLoadTopLeftPos" Template="SaveLoadLeftPos" Y="110" />
		<Template Name="SaveLoadButton" Template="SaveLoadLeftPos" ColorSet="Profile" />
		<Template Name="SaveLoadButtonTop" Template="SaveLoadTopLeftPos" Y="110" ColorSet="Profile" />
		<Template Name="SaveLoadDialogLeftPos" X="10" />
		<Template Name="SaveLoadDialogTopLeftPos" Template="SaveLoadDialogLeftPos" Y="50" Width="300" />
		<Template Name="SaveLoadHeader" Type="Header" X="80" Y="50" Font="Header" />
		<Template Name="SaveLoadSubHeader" X="98" Y="77" />
		<Template Name="SaveLoadDialogLegend">
			<GuiElement Type="TextBlock" Text="Buttons/Select2" Font="Menu" Y="193" X="10" />
		</Template>
		<Template Name="SaveLoadLegend">
			<GuiElement Type="TextBlock" Text="Buttons/Select2" Font="Menu" Y="324" X="90" />
		</Template>
		<Template Name="SaveLoadLegend2">
			<GuiElement Type="TextBlock" Text="Buttons/Select2" Font="Menu" Y="323" X="90" />
			<GuiElement Type="TextBlock" Text="Buttons/Back" Font="Menu" Y="323" Alignment="Right" X="550" />
		</Template>
		<Template Name="LowerDots">
			<GuiElement Type="Graphic" Name="Dots*" Y="310" X="320" />
		</Template>
	</Platform>
	
	<Platform PS2="True">
		<!-- Ask for confirmation about save game -->
		<Window Name="SaveConfirmationMenu" Template="SaveLoadDialog" PopOnBack="False">
			<GuiElement Type="TextBlock" Text="MemoryCard/SaveConfirmation" Template="SaveLoadDialogTopLeftPos" />
			<Navigation Navigation="Horizontal">
				<GuiElement Type="OpenWindow" Text="Yes" Window="SaveGameCheckMenu" PushOnStack="False" Template="SaveLoadDialogLeftPos" TakeFocus="False" />
				<GuiElement Type="CloseWindow" Text="No" />
			</Navigation>
			<GuiElement Template="SaveLoadDialogLegend" />
		</Window>
	</Platform>

	
	<Window Name="LimitSaveDialog" Template="SaveLoadDialog" PopOnBack="False">
		<GuiElement Type="LimitSaveGameTextBlock" Text="Dialog/SaveLimit" Template="SaveLoadDialogTopLeftPos" />
		<GuiElement Type="CloseWindow" Text="Ok" Template="SaveLoadDialogLeftPos" />
		<Platform XBOX="True" XENON="True" PS2="True">
			<GuiElement Template="SaveLoadDialogLegend" />
		</Platform>
	</Window>
	
	<!-- Load game success -->
	<Window Name="LoadSuccessMenu" Template="SaveLoadDialog" PopOnBack="False">
		<GuiElement Type="TextBlock" Text="SaveLoad/LoadSuccessful" Template="SaveLoadDialogTopLeftPos" />
		<GuiElement Type="CloseWindow" Text="Ok" Template="SaveLoadDialogLeftPos" />
	</Window>
	
	<!-- Enumerate Save Game Menu-->	
	<Window Name="EnumerateSaveGamesMenu" Template="Window">
		<GuiElement Template="HeaderElement" Text="Headers/SaveGameMenu" />
		<GuiElement Template="MoveCursor"/>
		<Platform PC="True">
			<GuiElement Type="EnumerateGames" Template="LeftPosX" ActionMessage="LoadSave/EnumerateGames" Window="SelectSaveGameMenu" PushWindowOnStack="False" />
		</Platform>
		<Platform XBOX="True" XENON="True" PS2="True">
			<GuiElement Type="EnumerateGames" Template="LeftPosX" CheckMessage="Checking" ActionMessage="EnumeratignGames" Window="SelectSaveGameMenu" PushWindowOnStack="False" />
		</Platform>
	</Window>
	
	<!-- Select Save Game Menu -->	
	<Window Name="SelectSaveGameMenu" Template="Window">
		<GuiElement Template="HeaderElement" Text="Headers/SaveGameMenu" />
		<GuiElement Type="SaveGameCountTextBlock" Text="SaveGameUsed" Template="RightPosX" Alignment="Right" Y="17" />
		<GuiElement Template="MoveCursor"/>
		<GuiElement Type="GUIList" Interface="SaveGameList" Template="LeftPosX" Window="SaveGameMenu:SaveGameOverwriteMenu" NumVisibleButtons="3" />
		<GuiElement Template="Legend2" />
		<Platform PS2="True">
			<GuiElement Type="OnMCChange" OnRemoval="True" Window="SaveMCNotAvailableMenu" RecheckMenu="SaveGameCheckMenu" />
		</Platform>
	</Window>

	<!-- Save game overwrite dialog -->
	<Window Name="SaveGameOverwriteMenu" Template="SaveLoadDialog" PopOnBack="False">
		<GuiElement Type="SaveGameTextBlock" Text="SaveLoad/OverwriteConfirmationSaveGame" Template="SaveLoadDialogTopLeftPos" />
		<Navigation Navigation="Horizontal">
			<GuiElement Type="OpenWindow" Text="Yes" Window="OverwriteSaveGameMenu" PushOnStack="False" Template="SaveLoadDialogLeftPos" TakeFocus="False" />
			<GuiElement Type="CloseWindow" Text="No" />
		</Navigation>
		<GuiElement Template="SaveLoadDialogLegend" />
		<GuiElement Type="OnMCChange" OnRemoval="True" Window="SaveGameMCNotAvailableMenu" RecheckMenu="SaveGameCheckMenu" />	
	</Window>
	
	<!-- Save Game -->
	<Window Name="SaveGameMenu" Template="SaveLoadDialog" PopOnBack="False">
		<Platform PS2="True">
			<GuiElement Type="SaveGame" Window="IngameMenu" Template="SaveLoadDialogTopLeftPos" ActionMessage="MemoryCard/SaveMessageIngame" CompleteMessage="MemoryCard/14" 
				SaveErrorMenu="SaveErrorSaveGameMenu" />
		</Platform>
		<Platform PC="True">
			<GuiElement Type="SaveGame" Window="IngameMenu" Template="SaveLoadDialogTopLeftPos" ActionMessage="SaveLoad/SavingGame" CompleteMessage="MemoryCard/14" 
				SaveErrorMenu="SaveErrorSaveGameMenu" />
		</Platform>
		<Platform XBOX="True" XENON="True">
			<GuiElement Type="SaveGame" Window="IngameMenu" Template="SaveLoadDialogTopLeftPos" ActionMessage="XboxSaveLoad/SaveGameWarning" 
				SaveErrorMenu="SaveErrorSaveGameMenu" />
		</Platform>
	</Window>

	<!-- Copy of Save Game for overwrite -->
	<Window Name="OverwriteSaveGameMenu" Template="SaveLoadDialog" PopOnBack="False">
		<Platform PS2="True">
			<GuiElement Type="SaveGame" Window="IngameMenu" Template="SaveLoadDialogTopLeftPos" ActionMessage="MemoryCard/Overwriting" CompleteMessage="MemoryCard/OverwriteSuccess" 
				SaveErrorMenu="OverwriteErrorSaveGameMenu" />
		</Platform>
		<Platform PC="True">
			<GuiElement Type="SaveGame" Window="IngameMenu" Template="SaveLoadDialogTopLeftPos" ActionMessage="SaveLoad/SavingGame" CompleteMessage="MemoryCard/14" 
				SaveErrorMenu="OverwriteErrorSaveGameMenu" />
		</Platform>
		<Platform XBOX="True" XENON="True">
			<GuiElement Type="SaveGame" Window="IngameMenu" Template="SaveLoadDialogTopLeftPos" ActionMessage="XboxSaveLoad/SaveGameWarning" 
				SaveErrorMenu="OverwriteErrorSaveGameMenu" />
		</Platform>
	</Window>

	
	<Window Name="SaveGameCheckMenu" Template="SaveLoadDialog" PopOnBack="False">
		<GuiElement Type="SaveCheck" CheckMessage="MemoryCard/21" Template="SaveLoadDialogTopLeftPos" Window="SelectSaveGameMenu"
			WriteSaveDataMenu="WriteSaveDataMenu" 
			OverwriteSaveDataMenu="OverwriteSaveDataMenu"
			MCNotAvailableMenu="SaveGameMCNotAvailableMenu" 
			CreateNewProfileMenu="CreateNewProfileCheckMenu"	
			/>
	</Window>

	<Window Name="SaveErrorSaveGameMenu" Template="SaveLoadDialog" PopOnBack="False">
		<Platform PS2="True">
			<GuiElement Type="TextBlock" Text="MemoryCard/10" Template="SaveLoadDialogTopLeftPos" />
		</Platform>			
		<Platform XBOX="True" XENON="True">
			<GuiElement Type="TextBlock" Text="XboxSaveLoad/SaveFailedGame" Template="SaveLoadDialogTopLeftPos" />			
		</Platform>
		<Platform PC="True">
			<GuiElement Type="TextBlock" Text="SaveLoad/SaveFailed" Template="SaveLoadDialogTopLeftPos" />			
		</Platform>
		<Navigation Navigation="Horizontal">
			<Platform PS2="True">
				<GuiElement Type="OpenWindow" Text="Retry" Template="SaveLoadDialogLeftPos" Window="SaveGameCheckRetryMenu" />	
			</Platform>				
			<Platform XBOX="True" XENON="True" PC="True">
				<GuiElement Type="OpenWindow" Text="Retry" Template="SaveLoadDialogLeftPos" Window="SaveGameMenu" />	
			</Platform>				
			<GuiElement Type="OpenWindow" Text="Cancel" Window="IngameMenu" RollBack="True" />
		</Navigation>
		<GuiElement Template="SaveLoadDialogLegend" />		
	</Window>

	<!-- Copy of Save error -->
	<Window Name="OverwriteErrorSaveGameMenu" Template="SaveLoadDialog" PopOnBack="False">
		<Platform PS2="True">
			<GuiElement Type="TextBlock" Text="MemoryCard/OverwriteFailed" Template="SaveLoadDialogTopLeftPos" />
		</Platform>			
		<Platform XBOX="True" XENON="True">
			<GuiElement Type="TextBlock" Text="XboxSaveLoad/SaveFailedGame" Template="SaveLoadDialogTopLeftPos" />			
		</Platform>
		<Platform PC="True">
			<GuiElement Type="TextBlock" Text="SaveLoad/SaveFailed" Template="SaveLoadDialogTopLeftPos" />			
		</Platform>
		<Navigation Navigation="Horizontal">
			<Platform PS2="True">
				<GuiElement Type="OpenWindow" Text="Retry" Template="SaveLoadDialogLeftPos" Window="SaveGameCheckRetryMenu" />	
			</Platform>				
			<Platform XBOX="True" XENON="True" PC="True">
				<GuiElement Type="OpenWindow" Text="Retry" Template="SaveLoadDialogLeftPos" Window="SaveGameMenu" />	
			</Platform>				
			<GuiElement Type="OpenWindow" Text="Cancel" Window="IngameMenu" RollBack="True" />
		</Navigation>
		<GuiElement Template="SaveLoadDialogLegend" />		
	</Window>
	
	<Window Name="SaveGameCheckRetryMenu" Template="SaveLoadDialog" PopOnBack="False">
		<GuiElement Type="SaveCheck" CheckMessage="MemoryCard/21" Template="SaveLoadDialogTopLeftPos" Window="SaveGameMenu"
			WriteSaveDataMenu="WriteSaveDataMenu" 
			OverwriteSaveDataMenu="OverwriteSaveDataMenu"
			MCNotAvailableMenu="SaveGameMCNotAvailableMenu" />
	</Window>

	<Platform PS2="True">
		<Window Name="OverwriteSaveDataMenu" Template="SaveLoadDialog" PopOnBack="False">
			<GuiElement Type="TextBlock" Text="MemoryCard/MCChangedOverwriteSaveData" Template="SaveLoadDialogTopLeftPos" />
			<Navigation Navigation="Horizontal">
				<!-- GuiElement Type="ResetMCChange" Text="Yes" Template="SaveLoadDialogLeftPos" Window="IngameMenu" TakeFocus="False" PushWindow="SelectSaveGameMenu" KeepRollbackWindow="True" RollBack="True"  /-->
				<GuiElement Type="OpenWindow" Text="Yes" Template="SaveLoadDialogLeftPos" Window="ProfileExistsMenu" TakeFocus="False" />				
				<GuiElement Type="OpenWindow" Text="No" Window="IngameMenu" RollBack="True" />
			</Navigation>
			<GuiElement Template="SaveLoadDialogLegend" />
			<GuiElement Type="OnMCChange" OnRemoval="True" Window="SaveGameMCNotAvailableMenu" RecheckMenu="SaveGameCheckMenu" />
		</Window>
		
		<Window Name="ProfileExistsMenu" Template="SaveLoadDialog" PopOnBack="False">
			<GuiElement Type="ProfileTextBlock" Text="MemoryCard/ProfileExistsOverwrite" Template="SaveLoadDialogTopLeftPos" />
			<Navigation Navigation="Horizontal">
				<GuiElement Type="OpenWindow" Text="Yes" Template="SaveLoadDialogLeftPos" Window="OverwriteProfileConfirmMenu" TakeFocus="False" />
				<GuiElement Type="OpenWindow" Text="No" Window="IngameMenu" RollBack="True" />
			</Navigation>
			<GuiElement Template="SaveLoadDialogLegend" />
			<GuiElement Type="OnMCChange" OnRemoval="True" Window="SaveGameMCNotAvailableMenu" RecheckMenu="SaveGameCheckMenu" />
		</Window>
		
		<Window Name="OverwriteProfileConfirmMenu" Template="SaveLoadDialog" PopOnBack="False">
			<GuiElement Type="ProfileTextBlock" Text="SaveLoad/OverwriteConfirmationProfile" Template="SaveLoadDialogTopLeftPos" />	
			<Navigation Navigation="Horizontal">
				<GuiElement Type="ResetMCChange" Text="Yes" Template="SaveLoadDialogLeftPos" Window="IngameMenu" TakeFocus="False" PushWindow="SelectSaveGameMenu" KeepRollbackWindow="True" RollBack="True"  />
				<GuiElement Type="OpenWindow" Text="No" Window="IngameMenu" RollBack="True" />
			</Navigation>
			<GuiElement Template="SaveLoadDialogLegend" />
			<Platform PS2="True">
				<GuiElement Type="OnMCChange" OnRemoval="True" Window="SaveGameMCNotAvailableMenu" RecheckMenu="SaveGameCheckMenu" />		
			</Platform>
		</Window>

		<Window Name="WriteSaveDataMenu" Template="SaveLoadDialog" PopOnBack="False">
			<GuiElement Type="TextBlock" Text="MemoryCard/MCChangedWriteSaveData" Template="SaveLoadDialogTopLeftPos" />
			<Navigation Navigation="Horizontal">
				<GuiElement Type="ResetMCChange" Text="Yes" Template="SaveLoadDialogLeftPos" Window="CreateNewProfileCheckMenu" TakeFocus="False" />
				<GuiElement Type="OpenWindow" Text="No" Window="IngameMenu" RollBack="True" />
			</Navigation>
			<GuiElement Template="SaveLoadDialogLegend" />
			<GuiElement Type="OnMCChange" OnRemoval="True" Window="SaveGameMCNotAvailableMenu" RecheckMenu="SaveGameCheckMenu" />
		</Window>
		
		<Window Name="SaveGameMCNotAvailableMenu" Template="SaveLoadDialog" PopOnBack="False">
			<GuiElement Type="TextBlock" Text="MemoryCard/07" Template="SaveLoadDialogTopLeftPos" />
			<GuiElement Type="OpenWindow" Text="Cancel" Template="SaveLoadDialogLeftPos" Window="IngameMenu" RollBack="True" />
			<GuiElement Template="SaveLoadDialogLegend" />
			<!-- GuiElement Type="OnMCChange" OnRemoval="False" Window="SaveGameCheckMenu" / -->
		</Window>
		
		<!-- Frontend flow of saving a new profile -->
		
		<!-- This works closely with SaveNewProfileMenu -->
		<Window Name="CreateNewProfileCheckMenu" Template="SaveLoadDialog" PopOnBack="False">
			<GuiElement Type="NewProfileCheck" Window="SaveNewProfileMenu" Template="SaveLoadDialogTopLeftPos" CheckMessage="MemoryCard/21"
				MCUnformattedMenu="MCUnformattedMenu" 
				MCNotAvailableMenu="SaveMCNotAvailableMenu" 
				MCInsufficientSpaceMenu="MCInsufficientSpaceMenu" 
				ProfileExistsMenu="ProfileExistsMenu"
				NoAvailableProfilesMenu="NoAvailableProfilesMenu" />
		</Window>
		<Window Name="SaveNewProfileMenu" Template="SaveLoadDialog" PopOnBack="False">
			<GuiElement Type="SaveProfile" Window="SelectSaveGameMenu" Template="SaveLoadDialogTopLeftPos" ActionMessage="MemoryCard/CreateProfileIngame" CompleteMessage="MemoryCard/14" NewProfile="True"
				SaveErrorMenu="SaveErrorProfileMenu" />
		</Window>
		<Window Name="SaveProfileRetryMenu" Template="SaveLoadDialog" PopOnBack="False">
			<GuiElement Type="SaveCheck" CheckMessage="MemoryCard/21" Template="SaveLoadDialogTopLeftPos" Window="SaveNewProfileMenu"
				WriteSaveDataMenu="WriteSaveDataMenu" 
				OverwriteSaveDataMenu="OverwriteSaveDataMenu"
				MCNotAvailableMenu="SaveMCNotAvailableMenu" />
		</Window>
		<Window Name="MCUnformattedMenu" Template="SaveLoadDialog" PopOnBack="False">
			<GuiElement Type="TextBlock" Text="MemoryCard/04" Template="SaveLoadDialogTopLeftPos" />
			<Navigation Navigation="Horizontal">
				<GuiElement Type="OpenWindow" Text="Yes" Window="MCConfirmFormatMenu" PushOnStack="False" Template="SaveLoadDialogLeftPos" TakeFocus="False" />
				<GuiElement Type="OpenWindow" Text="No" Window="IngameMenu" RollBack="True" />
			</Navigation>
			<GuiElement Template="SaveLoadDialogLegend" />
			<GuiElement Type="OnMCChange" OnRemoval="True" Window="SaveMCNotAvailableMenu" RecheckMenu="SaveGameCheckMenu" />
		</Window>
		<Window Name="MCConfirmFormatMenu" Template="SaveLoadDialog" PopOnBack="False">
			<GuiElement Type="TextBlock" Text="MemoryCard/FormatConfirmation" Template="SaveLoadDialogTopLeftPos" />
			<Navigation Navigation="Horizontal">
				<GuiElement Type="OpenWindow" Text="Yes" Window="MCFormatMenu" Template="SaveLoadDialogLeftPos" TakeFocus="False" />			
				<GuiElement Type="OpenWindow" Text="No" Window="IngameMenu" RollBack="True" />						
			</Navigation>
			<GuiElement Template="SaveLoadDialogLegend" />
			<GuiElement Type="OnMCChange" OnRemoval="True" Window="SaveMCNotAvailableMenu" RecheckMenu="SaveGameCheckMenu" />
		</Window>
		<Window Name="SaveMCNotAvailableMenu" Template="SaveLoadDialog" PopOnBack="False">
			<GuiElement Type="TextBlock" Text="MemoryCard/07" Template="SaveLoadDialogTopLeftPos" />
			<GuiElement Type="OpenWindow" Text="Continue" Template="SaveLoadDialogLeftPos" Window="IngameMenu" RollBack="True" />
			<GuiElement Template="SaveLoadDialogLegend" />			
		</Window>
		<Window Name="MCInsufficientSpaceMenu" Template="SaveLoadDialog" PopOnBack="False">
			<GuiElement Type="SaveGameSizeTextBlock" Text="MemoryCard/06" Template="SaveLoadDialogTopLeftPos" />
			<GuiElement Type="OpenWindow" Text="Continue" Template="SaveLoadDialogLeftPos" Window="IngameMenu" RollBack="True" />
			<GuiElement Template="SaveLoadDialogLegend" />			
			<GuiElement Type="OnMCChange" OnRemoval="True" Window="SaveMCNotAvailableMenu" />
		</Window>
		<Window Name="MCFormatMenu" Template="SaveLoadDialog" PopOnBack="False">
			<GuiElement Type="FormatMC" Template="SaveLoadDialogTopLeftPos" ActionMessage="MemoryCard/25"
				FormatSuccessMenu="FormatSuccessMenu" 
				FormatFailureMenu="FormatFailureMenu" />
		</Window>
		<Window Name="FormatSuccessMenu" Template="SaveLoadDialog" PopOnBack="False">
			<GuiElement Type="TextBlock" Text="MemoryCard/27" Template="SaveLoadDialogTopLeftPos" />
			<GuiElement Type="OpenWindowTimer" Time="2" Window="CreateNewProfileCheckMenu" />
		</Window>
		<Window Name="FormatFailureMenu" Template="SaveLoadDialog" PopOnBack="False">
			<GuiElement Type="TextBlock" Text="MemoryCard/28" Template="SaveLoadDialogTopLeftPos" />
			<Navigation Navigation="Horizontal">
				<GuiElement Type="OpenWindow" Text="Retry" Template="SaveLoadDialogLeftPos" Window="CreateNewProfileCheckMenu" />	
				<GuiElement Type="OpenWindow" Text="Cancel" Window="IngameMenu" RollBack="True" />
			</Navigation>
			<GuiElement Template="SaveLoadDialogLegend" />						
		</Window>
		<Window Name="SaveErrorProfileMenu" Template="SaveLoadDialog" PopOnBack="False">
			<GuiElement Type="TextBlock" Text="MemoryCard/10" Template="SaveLoadDialogTopLeftPos" />	
			<Navigation Navigation="Horizontal">
				<GuiElement Type="OpenWindow" Text="Retry" Template="SaveLoadDialogLeftPos" Window="SaveProfileRetryMenu" />	
				<GuiElement Type="OpenWindow" Text="Cancel" Window="IngameMenu" RollBack="True" />
			</Navigation>
			<GuiElement Template="SaveLoadDialogLegend" />		
		</Window>

		<Window Name="NoAvailableProfilesMenu" Template="SaveLoadDialog" PopOnBack="False">
			<GuiElement Type="MaxProfileTextBlock" Text="MemoryCard/NoAvailableProfiles" Template="SaveLoadDialogTopLeftPos" />
			<GuiElement Type="OpenWindow" Text="Ok" Template="SaveLoadDialogLeftPos" Window="IngameMenu" RollBack="True" />
			<GuiElement Template="SaveLoadDialogLegend" />		
		</Window>

		<!--
		<Window Name="ProfileExistsMenu" Template="SaveLoadDialog" PopOnBack="False">
			<GuiElement Type="ProfileTextBlock" Text="MemoryCard/ProfileExists" Template="SaveLoadDialogTopLeftPos" />
			<Navigation Navigation="Horizontal">
				<GuiElement Type="OpenWindow" Text="Overwrite" Template="SaveLoadDialogLeftPos" Window="OverwriteProfileConfirmMenu" TakeFocus="False" />
				<GuiElement Type="OpenWindow" Text="Cancel" Window="IngameMenu" RollBack="True" />
			</Navigation>
			<GuiElement Template="SaveLoadDialogLegend" />
			<GuiElement Type="OnMCChange" OnRemoval="True" Window="SaveMCNotAvailableMenu" />
		</Window>

		<Window Name="OverwriteProfileConfirmMenu" Template="SaveLoadDialog" PopOnBack="False">
			<GuiElement Type="ProfileTextBlock" Text="SaveLoad/OverwriteConfirmationProfile" Template="SaveLoadDialogTopLeftPos" />	
			<Navigation Navigation="Horizontal">
				<GuiElement Type="OpenWindow" Text="Yes" Template="SaveLoadDialogLeftPos" Window="SaveNewProfileMenu" TakeFocus="False" />	
				<GuiElement Type="OpenWindow" Text="No" Window="OverwriteSaveDataMenu" RollBack="True" />
			</Navigation>
			<GuiElement Template="SaveLoadDialogLegend" />
			<GuiElement Type="OnMCChange" OnRemoval="True" Window="SaveMCNotAvailableMenu"/>		
		</Window>
		-->
		
	</Platform>

	<!-- Select Load Game Menu -->
	<Window Name="SelectLoadGameMenu" Template="Window">
		<GuiElement Template="HeaderElement" Text="Headers/LoadMenu" />
		<Platform PS2="True">
			<GuiElement Type="GUIList" Interface="LoadGameList" Template="LeftPosX" Window="LoadGameMenu" />
		</Platform>
		<Platform XBOX="True" XENON="True" PC="True">
			<GuiElement Type="GUIList" Interface="LoadGameList" Template="LeftPosX" Window="LoadGameConfirmation" />
		</Platform>		
		<GuiElement Template="Legend2" />
		<Platform PS2="True">
			<GuiElement Type="OnMCChange" OnRemoval="True" Window="LoadGameMCNotAvailableMenu" RecheckMenu="LoadGameCheckMenu" />
		</Platform>
	</Window>
	<Platform XBOX="True" XENON="True" PC="True">
		<Window Name="LoadGameConfirmation" Template="SaveLoadDialog" PopOnBack="False">
			<GuiElement Type="TextBlock" Text="Dialog/AreYouSureProgressLost" Template="SaveLoadDialogTopLeftPos" />
			<Navigation Navigation="Horizontal">
				<GuiElement Type="OpenWindow" Text="Yes" Template="SaveLoadDialogLeftPos" Window="LoadGameMenu" TakeFocus="False" />	
				<GuiElement Type="CloseWindow" Text="No" />
			</Navigation>
			<GuiElement Template="SaveLoadDialogLegend" />						
		</Window>
	</Platform>		
	
	<!-- Load Game -->
	<Window Name="LoadGameMenu" Template="SaveLoadDialog" PopOnBack="False">
		<GuiElement Template="HeaderElement" Text="Headers/LoadMenu" />
		<Platform PC="True">
			<GuiElement Type="LoadGame" ActionMessage="SaveLoad/LoadingGame" Template="SaveLoadDialogTopLeftPos" />
		</Platform>
		<Platform XBOX="True" XENON="True">	
			<GuiElement Type="LoadGame" ActionMessage="SaveLoad/LoadingGame" Template="SaveLoadDialogTopLeftPos" />
		</Platform>
		<Platform PS2="True">	
			<GuiElement Type="LoadGame" ActionMessage="MemoryCard/Loading" Template="SaveLoadDialogTopLeftPos" />
		</Platform>
	</Window>

	<Platform PS2="True">		
		<Window Name="LoadGameMCNotAvailableMenu" Template="SaveLoadDialog">
			<GuiElement Type="TextBlock" Text="MemoryCard/07" Template="SaveLoadDialogTopLeftPos" />
			<GuiElement Type="OpenWindow" Text="Cancel" Template="SaveLoadDialogLeftPos" RollBack="True" />
			<GuiElement Template="SaveLoadDialogLegend" />
			<GuiElement Type="OnMCChange" OnRemoval="False" Window="LoadGameCheckMenu" />
		</Window>
		<Window Name="NoSaveDataPresentMenu" Template="SaveLoadDialog">
			<GuiElement Type="TextBlock" Text="MemoryCard/16" Template="SaveLoadDialogTopLeftPos" />
			<GuiElement Type="OpenWindow" Text="Continue" Template="SaveLoadDialogLeftPos" RollBack="True" />
			<GuiElement Template="SaveLoadDialogLegend" />
			<GuiElement Type="OnMCChange" OnRemoval="True" Window="LoadGameMCNotAvailableMenu" />
		</Window>
		<Window Name="LoadGameNoProfileMenu" Template="SaveLoadDialog">
			<GuiElement Type="ProfileTextBlock" Text="MemoryCard/LoadGameNoProfile" Template="SaveLoadDialogTopLeftPos" />
			<GuiElement Type="OpenWindow" Text="Continue" Template="SaveLoadDialogLeftPos" RollBack="True" />
			<GuiElement Template="SaveLoadDialogLegend" />
			<GuiElement Type="OnMCChange" OnRemoval="True" Window="LoadGameMCNotAvailableMenu" />
		</Window>
		<Window Name="LoadGameMCUnformattedMenu" Template="SaveLoadDialog">
			<GuiElement Type="TextBlock" Text="MemoryCard/Unformatted" Template="SaveLoadDialogTopLeftPos" />
			<GuiElement Type="OpenWindow" Text="Continue" Template="SaveLoadDialogLeftPos" RollBack="True" />
			<GuiElement Template="SaveLoadDialogLegend" />
			<GuiElement Type="OnMCChange" OnRemoval="True" Window="LoadGameMCNotAvailableMenu" />
		</Window>
		
		<!-- Not used right now, I dont think it is needed msl. 28/12/05 -->
		<!--
		<Window Name="LoadGameDataCorrupt" Template="SaveLoadDialog">
			<GuiElement Type="ProfileTextBlock" Text="MemoryCard/LoadGameProfileCorrupt" Template="SaveLoadDialogTopLeftPos" />
			<GuiElement Type="OpenWindow" Text="Cancel" Template="SaveLoadDialogLeftPos" Window="IngameMenu" RollBack="True" />
			<GuiElement Template="SaveLoadDialogLegend" />
			<GuiElement Type="OnMCChange" OnRemoval="True" Window="LoadGameMCNotAvailableMenu" />
		</Window>
		-->
	</Platform>
	
	<Window Name="LoadGameCheckMenu" Template="SaveLoadDialog" PopOnBack="False">
		<Platform PS2="True">
		<GuiElement Type="LoadGameCheck" CheckMessage="MemoryCard/21" Template="SaveLoadDialogTopLeftPos" Window="SelectLoadGameMenu"
			MCNotAvailableMenu="LoadGameMCNotAvailableMenu"
			NoProfileMenu="LoadGameNoProfileMenu"
			MCUnformattedMenu="LoadGameMCUnformattedMenu"
			DataCorruptMenu="LoadGameDataCorrupt" 
			NoSaveDataPresetMenu="NoSaveDataPresentMenu" />
		</Platform>			
		<Platform PC="True">
			<GuiElement Type="LoadGameCheck" CheckMessage="SaveLoad/EnumerateGames" Template="SaveLoadDialogTopLeftPos" Window="SelectLoadGameMenu" />
		</Platform>			
	</Window>
	
	<Window Name="LoadErrorMenu" Template="SaveLoadDialog" PopOnBack="False">
		<Platform PS2="True">
			<GuiElement Type="TextBlock" Text="MemoryCard/LoadFailed" Template="SaveLoadDialogTopLeftPos" />		
		</Platform>
		<Platform PC="True" XBOX="True" XENON="True">
			<GuiElement Type="TextBlock" Text="SaveLoad/LoadFailed" Template="SaveLoadDialogTopLeftPos" />		
		</Platform>
		<GuiElement Type="CloseWindow" Text="Ok" Template="SaveLoadDialogLeftPos" />
		<GuiElement Template="SaveLoadDialogLegend" />
	</Window>
</Windows>