<Money>
	<ObjectiveRewards>
		<Level name="M00">
			<Objective number="1" reward="200000" />
			<Objective number="2" reward="0" />
			<Objective number="3" reward="0" />
		</Level>
		<Level name="M01">
			<Objective number="1" reward="200000" />
			<Objective number="2" reward="200000" />
			<Objective number="3" reward="0" />
		</Level>
		<Level name="M02">
			<Objective number="1" reward="200000" />
			<Objective number="2" reward="200000" />
			<Objective number="3" reward="70000" />
			<Objective number="4" reward="0" />
		</Level>
		<Level name="M03">
			<Objective number="1" reward="200000" />
			<Objective number="2" reward="200000" />
			<Objective number="3" reward="0" />
		</Level>
		<Level name="M04">
			<Objective number="2" reward="200000" />
			<Objective number="3" reward="70000" />
			<Objective number="5" reward="50000" />
			<Objective number="6" reward="50000" />
		</Level>
		<Level name="M05">
			<Objective number="1" reward="200000" />
			<Objective number="2" reward="70000" />
			<Objective number="3" reward="0" />
		</Level>
		<Level name="M06">
			<Objective number="1" reward="200000" />
			<Objective number="2" reward="50000" />
			<Objective number="3" reward="50000" />
			<Objective number="4" reward="100000" />
			<Objective number="5" reward="0" />
			<Objective number="6" reward="70000" />
		</Level>
		<Level name="M08">
			<Objective number="1" reward="200000" />
			<Objective number="2" reward="200000" />
			<Objective number="3" reward="70000" />
			<Objective number="4" reward="0" />
		</Level>
		<Level name="M09">
			<Objective number="1" reward="200000" />
			<Objective number="2" reward="200000" />
			<Objective number="3" reward="100000" />
			<Objective number="4" reward="0" />
		</Level>
		<Level name="M10">
			<Objective number="1" reward="200000" />
			<Objective number="2" reward="200000" />
			<Objective number="3" reward="200000" />
			<Objective number="4" reward="0" />
			<Objective number="5" reward="75000" />
		</Level>
		<Level name="M11">
			<Objective number="1" reward="200000" />
			<Objective number="2" reward="200000" />
			<Objective number="3" reward="70000" />
			<Objective number="4" reward="50000" />
			<Objective number="5" reward="50000" />
			<Objective number="6" reward="0" />
		</Level>
		<Level name="M12">
			<Objective number="1" reward="200000" />
			<Objective number="2" reward="200000" />
			<Objective number="3" reward="0" />
		</Level>
		<Level name="M13">
			<Objective number="1" reward="200000" />
			<Objective number="2" reward="70000" />
			<Objective number="3" reward="0" />
		</Level>
	</ObjectiveRewards>
	<Tiers>
		<Tier number="1" value="175000">
			<UpgradePrice value="50000" />
		</Tier>
		<Tier number="2" value="750000">
			<UpgradePrice value="75000" />
		</Tier>
		<Tier number="3" value="1500000">
			<UpgradePrice value="100000" />
		</Tier>
		<Tier number="4" value="2800000">
			<UpgradePrice value="150000" />
		</Tier>
		<Tier number="5" value="4000000">
			<UpgradePrice value="200000" />
		</Tier>
	</Tiers>
	<MissionBriefing>
		<ExtraBriefing value="5000" />
		<AdditionalInfo value="1000" />
	</MissionBriefing>
	<AgencyServices>
		<PlaceClothbundle value="15000" />
		<PlaceHandgun value="10000" />
		<PlaceSilencedHandgun value="20000" />
		<PlaceSMG value="25000" />
		<PlaceExtraSyringes value="10000" />
		<DisablingAlarms value="15000" />
		<GuardsNotFrisking value="15000" />
	</AgencyServices>
	<PostMissionSpending>
		<RetrieveWeapons value="5000" />
		<ReplacementSuit value="5000" />
		<InnocentDamageControl value="3000" />
		<PoliceDamageControl value="5000" />
		<RetrieveVideotapes value="10000" />
		<BribeInnocent value="50000" />
		<BribePolice value="100000" />
		<NewIdentity value="200000" />
	</PostMissionSpending>
</Money>