<DifficultySettings>

	<StandDownTime Rookie="20.0" Normal="30.0" Expert="45.0" Professional="60.0"/>

	<FollowTrailTime Rookie="0.0" Normal="15.0" Expert="25.0" Professional="1000.0"/>

	<HuntTargetTrackTime Rookie="5.0" Normal="5.0" Expert="5.0" Professional="5.0"/>

	<SeeThroughDisguiseDistance Rookie="0.5" Normal="1.0" Expert="1.8" Professional="2.0"/>

	<SeeThroughDisguiseSpeed Rookie="0.5" Normal="1.0" Expert="1.5" Professional="2.0"/>

	<ForgetDisguiseSpeed Rookie="2.0" Normal="1.0" Expert="0.8" Professional="0.5"/>

	<RunSuspiciousRange Rookie="0.0" Normal="5.0" Expert="10.0" Professional="15.0"/>

	<AccuracyModifier Rookie="1.6" Normal="1.3" Expert="1.0" Professional="0.6"/>

	<BurstLength Rookie="0.4" Normal="0.3" Expert="0.2" Professional="0.1"/>

	<ROFMultiplier Rookie="1.0" Normal="1.0" Expert="1.0" Professional="1.0"/>

	<AimSpeed Rookie="0.2" Normal="0.15" Expert="0.1" Professional="0.1"/>

	<DrawSpeedMultiplier Rookie="0.9" Normal="1.0" Expert="1.1" Professional="1.2"/>

	<ShotHearingRange Rookie="20.0" Normal="25.0" Expert="30.0" Professional="30.0"/>

	<ScreamHearingRange Rookie="7.0" Normal="7.0" Expert="8.0" Professional="10.0"/>

	<CheckFootstepsBehindRange Rookie="2.0" Normal="3.0" Expert="3.5" Professional="4.0"/>

	<ActorRelaxedVisionRange Rookie="3000.0" Normal="3000.0" Expert="3000.0" Professional="3000.0"/>

	<ActorRelaxedFOV Rookie="120.0" Normal="120.0" Expert="120.0" Professional="120.0"/>

	<ActorAlertVisionRange Rookie="6000.0" Normal="6000.0" Expert="6000.0" Professional="6000.0"/>

	<ActorAlertFOV Rookie="120.0" Normal="120.0" Expert="120.0" Professional="120.0"/>

	<FallingDamageMultiplier Rookie="1.0" Normal="1.0" Expert="1.0" Professional="1.0"/>

	<UseCoverPercentage Rookie="0.75" Normal="0.8" Expert="0.9" Professional="1.0"/>

	<BleedToDeathTime Rookie="10.0" Normal="13.0" Expert="15.0" Professional="15.0"/>

	<CivilianAttackHMPercentage Rookie="0.5" Normal="0.7" Expert="0.75" Professional="0.9"/>

	<CivilianHideTime Rookie="9.0" Normal="6.0" Expert="3.0" Professional="3.0"/>

	<LockPickTimeMultiplier Rookie="1.0" Normal="1.2" Expert="1.3" Professional="1.4"/>

	<FriskIntrusionDecayTime Rookie="2.0" Normal="3.0" Expert="4.0" Professional="4.0"/>

	<SmallWeaponVisibleMultiplierCivilian Rookie="0.4" Normal="0.8" Expert="1.2" Professional="1.6"/>

	<SmallWeaponVisibleMultiplierGuard Rookie="1.0" Normal="1.0" Expert="2.0" Professional="2.5"/>

	<HitmanHitpoints Rookie="190" Normal="150" Expert="100" Professional="80"/>

	<GuardHitpoints Rookie="20" Normal="20" Expert="30" Professional="40"/>

	<CivilianHitpoints Rookie="25" Normal="20" Expert="30" Professional="40"/>

	<TargetHitpoints Rookie="20" Normal="20" Expert="30" Professional="40"/>

	<AutoAim Rookie="false" Normal="false" Expert="false" Professional="false"/>

	<HeadshotsAgainstHitman Rookie="false" Normal="false" Expert="true" Professional="true"/>

</DifficultySettings>